titular_canonico,titular_norm,tipo_actor,n_registros,superficie_ha,ejemplo_original
COMUNIDAD TOBANTIRENDA,COMUNIDAD TOBANTIRENDA,comunidad,3,0.5189999999999999,COMUNIDAD TOBANTIRENDA
COOPERATIVA LA MESA REDONDA LTDA,COOPERATIVA LA MESA REDONDA LTDA,cooperativa,18,291.4002,COOPERATIVA LA MESA REDONDA LTDA.
COOPERATIVA DE TRABAJO MINACLAR LTDA,COOPERATIVA DE TRABAJO MINACLAR LTDA,cooperativa,6,227.13899999999998,COOPERATIVA DE TRABAJO MINACLAR LTDA.
LITHIUM S CORP SA,LITHIUM S CORP SA,empresa,675,357940.575,LITHIUM S CORPORATION S.A.
RINCON MINING LTD,RINCON MINING LTD,empresa,354,249009.6123,RINCON MINING LIMITED
CORRIENTE ARGENTINA SA,CORRIENTE ARGENTINA SA,empresa,252,333729.6861,CORRIENTE ARGENTINA S.A.
ERAMINE SUDAMERICA SA,ERAMINE SUDAMERICA SA,empresa,234,318307.1092,ERAMINE SUDAMERICA S.A.
NOA LITHIUM BRINES SA,NOA LITHIUM BRINES SA,empresa,150,351696.0463,NOA LITHIUM BRINES S.A.
HUMBOLDT MINERALS LTD SEE,HUMBOLDT MINERALS LTD SEE,empresa,141,334069.8289,HUMBOLDT MINERALS LTD.SEE.
BORAX ARGENTINA SA,BORAX ARGENTINA SA,empresa,129,27490.2708,BORAX ARGENTINA S.A.
CARDERO ARGENTINA SA,CARDERO ARGENTINA SA,empresa,124,104020.1985,CARDERO ARGENTINA S.A.
POTASIO Y LITIO DE ARGENTINA SA,POTASIO Y LITIO DE ARGENTINA SA,empresa,123,31197.5868,POTASIO Y LITIO DE ARGENTINA S.A.
SILEX ARGENTINA SA,SILEX ARGENTINA SA,empresa,93,170209.8522,SILEX ARGENTINA S.A.
HANAQ ARGENTINA SA,HANAQ ARGENTINA SA,empresa,86,161034.3831,HANAQ ARGENTINA S.A.
IMERYS MINERALES ARGENTINA SA,IMERYS MINERALES ARGENTINA SA,empresa,84,4155.8667000000005,IMERYS MINERALES ARGENTINA S.A.
LITHEA ARGENTINA SAU,LITHEA ARGENTINA SAU,empresa,84,77996.292,LITHEA ARGENTINA S.A.U.
ALPHA LITHIUM ARGENTINA SA,ALPHA LITHIUM ARGENTINA SA,empresa,80,137285.4809,ALPHA LITHIUM ARGENTINA S.A.
POSCO ARGENTINA SAU,POSCO ARGENTINA SAU,empresa,78,50132.3091,POSCO ARGENTINA S.A.U.
LITIO MINERA ARGENTINA SA,LITIO MINERA ARGENTINA SA,empresa,76,105034.9,LITIO MINERA ARGENTINA S.A.
ARGENTINA LITIO Y ENERGIA SA,ARGENTINA LITIO Y ENERGIA SA,empresa,75,101420.1099,ARGENTINA LITIO Y ENERGIA S.A.
PUNA MINING SA,PUNA MINING SA,empresa,74,18691.5226,PUNA MINING S.A.
MINERA ANSOTANA SA,MINERA ANSOTANA SA,empresa,64,142707.9483,MINERA ANSOTANA S.A.
PROYECTO PASTOS GRANDES SA,PROYECTO PASTOS GRANDES SA,empresa,64,59282.8711,PROYECTO PASTOS GRANDES S.A.
ANDES LITHIUM SA,ANDES LITHIUM SA,empresa,58,105745.3798,ANDES LITHIUM S.A.
SERVICIOS Y EXPLOTACIONES MINERAS CRUZ SRL,SERVICIOS Y EXPLOTACIONES MINERAS CRUZ SRL,empresa,58,29308.960199999998,SERVICIOS Y EXPLOTACIONES MINERAS CRUZ S.R.L.
GANFENG LITIO ARGENTINA SA,GANFENG LITIO ARGENTINA SA,empresa,53,118803.809,GANFENG LITIO ARGENTINA S.A.
BRINE LITHIUM RESOURCES SA,BRINE LITHIUM RESOURCES SA,empresa,52,68722.5639,BRINE LITHIUM RESOURCES S.A.
RECURSOS ENERGETICOS Y MINEROS SALTA SA,RECURSOS ENERGETICOS Y MINEROS SALTA SA,empresa,51,18708.755,RECURSOS ENERGETICOS Y MINEROS SALTA S.A.
HANACOLLA SA,HANACOLLA SA,empresa,50,88005.0665,HANACOLLA S.A.
HASTANA SA,HASTANA SA,empresa,49,29762.6337,HASTANA S.A.
PACIFIC RIM MINING CORP ARGENTINA SA,PACIFIC RIM MINING CORP ARGENTINA SA,empresa,48,65644.30500000001,PACIFIC RIM MINING CORPORATION ARGENTINA S.A.
CASCADERO MINERALS SA,CASCADERO MINERALS SA,empresa,44,98697.3345,CASCADERO MINERALS S.A.
LITHEA INC SUCURSAL ARGENTINA,LITHEA INC SUCURSAL ARGENTINA,empresa,44,39078.837999999996,LITHEA INC SUCURSAL ARGENTINA
PUNA ARGENTINA SAS,PUNA ARGENTINA SAS,empresa,42,39375.8445,PUNA ARGENTINA S.A.S.
YACONES SRL,YACONES SRL,empresa,40,110277.137,YACONES S.R.L
CENTENARIO LITHIUM SA,CENTENARIO LITHIUM SA,empresa,38,36633.932,CENTENARIO LITHIUM S.A.
ANGLOGOLD ARGENTINA EXPLORACIONES SA,ANGLOGOLD ARGENTINA EXPLORACIONES SA,empresa,36,74610.8951,ANGLOGOLD ARGENTINA EXPLORACIONES S.A.
GEOMIX SRL,GEOMIX SRL,empresa,33,543.7356,GEOMIX S.R.L.
TORTUGA DE ORO SA,TORTUGA DE ORO SA,empresa,33,101536.5867,TORTUGA DE ORO S.A.
ALDEBARAN ARGENTINA SA,ALDEBARAN ARGENTINA SA,empresa,27,52640.2143,ALDEBARAN ARGENTINA S.A.
VIALMANI SA,VIALMANI SA,empresa,27,882.5637,VIALMANI S.A.
ADVANTAGE LITHIUM ARGENTINA SA,ADVANTAGE LITHIUM ARGENTINA SA,empresa,24,37016.6622,ADVANTAGE LITHIUM ARGENTINA S.A.
AGV SERVICIOS MINEROS SRL,AGV SERVICIOS MINEROS SRL,empresa,24,219.8682,AGV SERVICIOS MINEROS S.R.L.
MULTIQUIM SRL,MULTIQUIM SRL,empresa,24,1023.993,MULTIQUIM S.R.L.
ASTRALI SA,ASTRALI SA,empresa,23,35215.7842,ASTRALI S.A.
MANUFACTURAS LOS ANDES SA,MANUFACTURAS LOS ANDES SA,empresa,23,16698.2017,MANUFACTURAS LOS ANDES S.A.
POWER MINERALS SA,POWER MINERALS SA,empresa,23,49098.3236,POWER MINERALS S.A.
ARLI SA,ARLI SA,empresa,21,61535.4105,ARLI S.A.
CASTALIA MINING SA,CASTALIA MINING SA,empresa,21,49995.8427,CASTALIA MINING S.A.
HANTARA SA,HANTARA SA,empresa,21,32057.1639,HANTARA S.A.
HUAYRAMIN SA,HUAYRAMIN SA,empresa,21,47243.8059,HUAYRAMIN S.A.
NRG METALS ARGENTINA SA,NRG METALS ARGENTINA SA,empresa,21,11752.637700000001,NRG METALS ARGENTINA S.A.
DE GAUCHOS ENERGY SRL,DE GAUCHOS ENERGY SRL,empresa,20,11066.789,DE GAUCHOS ENERGY S.R.L.
ALEXANDER GOLD GROUP LTD,ALEXANDER GOLD GROUP LTD,empresa,18,3654.4227,ALEXANDER GOLD GROUP LIMITED
CERAMICA ALBERDI SA,CERAMICA ALBERDI SA,empresa,18,832.1004,CERAMICA ALBERDI S.A.
EGEO SA,EGEO SA,empresa,18,42936.3573,EGEO S.A.
INGENIERO MEDINA SA,INGENIERO MEDINA SA,empresa,18,219.7008,INGENIERO MEDINA S.A.
MINERA EL TORO SA,MINERA EL TORO SA,empresa,18,48253.8825,MINERA EL TORO S.A.
PACHA MINERALS SA,PACHA MINERALS SA,empresa,18,16748.886,PACHA MINERALS S.A.
SALTA GEOTHERMAL SA,SALTA GEOTHERMAL SA,empresa,18,17647.6692,SALTA GEOTHERMAL S.A.
SERVICIOS Y PROYECTOS MINEROS SRL,SERVICIOS Y PROYECTOS MINEROS SRL,empresa,18,11043.8856,SERVICIOS Y PROYECTOS MINEROS S.R.L.
TIERRA EXPLORACION SA,TIERRA EXPLORACION SA,empresa,16,16082.8621,TIERRA EXPLORACION S.A.
COLORADO SA,COLORADO SA,empresa,15,14381.4753,COLORADO S.A.
COSMOS MINERALS SA,COSMOS MINERALS SA,empresa,15,33162.0356,COSMOS MINERALS S.A.
GEOTERRA SRL,GEOTERRA SRL,empresa,15,5399.928,GEOTERRA S.R.L.
NOA ARIZARO SAU,NOA ARIZARO SAU,empresa,15,37462.2396,NOA ARIZARO S.A.U.
SALTA AMBIENTAL SRL,SALTA AMBIENTAL SRL,empresa,15,15927.5049,SALTA AMBIENTAL S.R.L.
VIENTO BLANCO SRL,VIENTO BLANCO SRL,empresa,15,1215.9666000000002,VIENTO BLANCO S.R.L.
GALAN LITIO SA,GALAN LITIO SA,empresa,14,10150.1587,GALAN LITIO S.A.
PURSUIT MINERALS ARGENTINA SA,PURSUIT MINERALS ARGENTINA SA,empresa,14,18466.2958,PURSUIT MINERALS ARGENTINA S.A.
ANDES MINERAL EXPLORATION SA,ANDES MINERAL EXPLORATION SA,empresa,12,28306.0035,ANDES MINERAL EXPLORATION S.A.
CARAPARI SA,CARAPARI SA,empresa,12,315.3015,CARAPARI S.A.
CERAMICA DEL NORTE SA,CERAMICA DEL NORTE SA,empresa,12,506.8824,CERAMICA DEL NORTE S.A.
EKEKO SA,EKEKO SA,empresa,12,5814.2589,EKEKO S.A.
EL PACHAR SRL,EL PACHAR SRL,empresa,12,358.3962,EL PACHAR S.R.L.
MINERA SANTA RITA SRL,MINERA SANTA RITA SRL,empresa,12,2962.7577,MINERA SANTA RITA S.R.L.
NEVADO MINERALS SA,NEVADO MINERALS SA,empresa,12,29686.3209,NEVADO MINERALS S.A.
RIODEORO SA,RIODEORO SA,empresa,12,28645.4562,RIODEORO S.A.
SALOME SRL,SALOME SRL,empresa,12,131.1708,SALOME S.R.L.
SANTA INES COPPER SA,SANTA INES COPPER SA,empresa,12,18461.961300000003,SANTA INES COPPER S.A.
TOLAR GRANDE LITHIUM SA,TOLAR GRANDE LITHIUM SA,empresa,12,33898.289600000004,TOLAR GRANDE LITHIUM S.A.
EMPRENDIMIENTO MARIA SRL,EMPRENDIMIENTO MARIA SRL,empresa,11,12936.7337,EMPRENDIMIENTO MARIA S.R.L.
ALPHA MINERALS SAU,ALPHA MINERALS SAU,empresa,10,13950.039,ALPHA MINERALS S.A.U.
HAMUTA SA,HAMUTA SA,empresa,10,20769.7068,HAMUTA S.A.
LITICA RESOURCES SA,LITICA RESOURCES SA,empresa,10,15097.9992,LITICA RESOURCES S.A.
SALTA EXPLORACIONES SA,SALTA EXPLORACIONES SA,empresa,10,4576.6208,SALTA EXPLORACIONES S.A.
LA POBLACION DE ORTEGA SA,LA POBLACION DE ORTEGA SA,empresa,9,313.4736,LA POBLACION DE ORTEGA S.A.
LITIO ARGENTINO SA,LITIO ARGENTINO SA,empresa,9,10963.4961,LITIO ARGENTINO S.A.
NOA SALINAS SAU,NOA SALINAS SAU,empresa,9,8845.3359,NOA SALINAS S.A.U.
RAMON TUMA SA,RAMON TUMA SA,empresa,9,167.0111,RAMON TUMA S.A.
SOUTHERN EAGLE MINING ARGENTINA SA,SOUTHERN EAGLE MINING ARGENTINA SA,empresa,9,7866.0725999999995,SOUTHERN EAGLE MINING ARGENTINA S.A.
ULEX SA,ULEX SA,empresa,9,2098.5954,ULEX S.A.
GRUPO EL MOJON SA,GRUPO EL MOJON SA,empresa,8,21950.021,GRUPO EL MOJON S.A.
HANUKU SA,HANUKU SA,empresa,8,12713.759300000002,HANUKU S.A.
HANARI SA,HANARI SA,empresa,7,8929.5884,HANARI S.A.
STARSHIP VENTURES EXPLORATION AND MINING SA,STARSHIP VENTURES EXPLORATION AND MINING SA,empresa,7,29253.6111,STARSHIP VENTURES EXPLORATION AND MINING S.A.
WOMBAT MINERALS SA,WOMBAT MINERALS SA,empresa,7,9233.1479,WOMBAT MINERALS S.A.
AB CONSTRUCCIONES SRL,AB CONSTRUCCIONES SRL,empresa,6,19.5888,AB CONSTRUCCIONES S.R.L.
ALQA LITHIUM SA,ALQA LITHIUM SA,empresa,6,5848.7457,ALQA LITHIUM S.A.
ALVAREZ HNOS SRL,ALVAREZ HNOS SRL,empresa,6,92.9451,ALVAREZ HNOS S.R.L.
BIOTEC SA,BIOTEC SA,empresa,6,51.8973,BIOTEC S.A.
BOLERA MINERA SA,BOLERA MINERA SA,empresa,6,2349.9972,BOLERA MINERA S.A.
CANTERAS DE ANTA SRL,CANTERAS DE ANTA SRL,empresa,6,278.937,CANTERAS DE ANTA S.R.L.
"COLQUE EXPLORACIONES SA,PACHA MINERALS SA,SALTA GEOTHERMAL SA","COLQUE EXPLORACIONES SA,PACHA MINERALS SA,SALTA GEOTHERMAL SA",empresa,6,7500.0,"COLQUE EXPLORACIONES S.A.,PACHA MINERALS S.A.,SALTA GEOTHERMAL S.A."
"CORRIENTE ARGENTINA SA,SALTA GEOTHERMAL SA","CORRIENTE ARGENTINA SA,SALTA GEOTHERMAL SA",empresa,6,6941.4258,"CORRIENTE ARGENTINA S.A.,SALTA GEOTHERMAL S.A."
EL TERRAPLEN SRL,EL TERRAPLEN SRL,empresa,6,59.9991,EL TERRAPLEN S.R.L.
GAANA SERVICIOS SRL,GAANA SERVICIOS SRL,empresa,6,58.8882,GAANA SERVICIOS S.R.L.
JUAN PEDRO GARIN CONSTRUCCIONES SA,JUAN PEDRO GARIN CONSTRUCCIONES SA,empresa,6,50.1528,JUAN PEDRO GARIN CONSTRUCCIONES S.A.
LA CORNISA DEL TORO SRL,LA CORNISA DEL TORO SRL,empresa,6,74.11139999999999,LA CORNISA DEL TORO S.R.L.
LILAC SOLUTIONS ARIZARO SAU,LILAC SOLUTIONS ARIZARO SAU,empresa,6,18000.0,LILAC SOLUTIONS ARIZARO S.A.U.
LOMA NEGRA COMPANIA INDUSTRIAL ARGENTINA SA,LOMA NEGRA COMPANIA INDUSTRIAL ARGENTINA SA,empresa,6,432.00239999999997,LOMA NEGRA COMPAÑIA INDUSTRIAL ARGENTINA S.A.
M E I OBRAS Y SERVICIOS SRL,M E I OBRAS Y SERVICIOS SRL,empresa,6,65.319,M.E.I. OBRAS Y SERVICIOS S.R.L.
MANSFIELD MINERA SA,MANSFIELD MINERA SA,empresa,6,18200.176199999998,MANSFIELD MINERA S.A.
MINERA CERRO JUNCAL SA,MINERA CERRO JUNCAL SA,empresa,6,8135.285100000001,MINERA CERRO JUNCAL S.A.
MINERA DEL ALTIPLANO SA,MINERA DEL ALTIPLANO SA,empresa,6,3562.1946,MINERA DEL ALTIPLANO S.A.
MOLDES SA,MOLDES SA,empresa,6,231.3792,MOLDES S.A.
NOROESTE CONSTRUCCIONES SA,NOROESTE CONSTRUCCIONES SA,empresa,6,13.566600000000001,NOROESTE CONSTRUCCIONES S.A.
PANEDILE ARGENTINA SA,PANEDILE ARGENTINA SA,empresa,6,29.7288,PANEDILE ARGENTINA S.A.
PAOLINI HNOS SA,PAOLINI HNOS SA,empresa,6,298.7007,PAOLINI HNOS S.A.
PUNA SERVICIOS MINEROS SRL,PUNA SERVICIOS MINEROS SRL,empresa,6,10254.8094,PUNA SERVICIOS MINEROS S.R.L.
VICENTE MONCHO CONSTRUCCIONES SRL,VICENTE MONCHO CONSTRUCCIONES SRL,empresa,6,44.33070000000001,VICENTE MONCHO CONSTRUCCIONES S.R.L.
YAMANA ARGENTINA SERVICIOS SA,YAMANA ARGENTINA SERVICIOS SA,empresa,6,20972.2254,YAMANA ARGENTINA SERVICIOS S.A.
INCOVI SRL,INCOVI SRL,empresa,4,69.4727,INCOVI S.R.L.
TECHENERGY LITHIUM SA,TECHENERGY LITHIUM SA,empresa,4,4508.4892,TECHENERGY LITHIUM S.A.
AGUAS DEL NORTE SA,AGUAS DEL NORTE SA,empresa,3,1773.7521000000002,AGUAS DEL NORTE S.A.
ALTO GRANDE LITHIUM SA,ALTO GRANDE LITHIUM SA,empresa,3,1304.2196999999999,ALTO GRANDE LITHIUM S.A.
AMELIA MATERIALES SRL,AMELIA MATERIALES SRL,empresa,3,16.099800000000002,AMELIA MATERIALES S.R.L.
ARISARU RESOURCES SA,ARISARU RESOURCES SA,empresa,3,2490.6519,ARISARU RESOURCES S.A.
BHP BILLITON WORLD EXPLORATION INC,BHP BILLITON WORLD EXPLORATION INC,empresa,3,2996.148,BHP BILLITON WORLD EXPLORATION INC.
CONCIVI CONSTRUCCIONES SA,CONCIVI CONSTRUCCIONES SA,empresa,3,2.6331,CONCIVI CONSTRUCCIONES S.A.
"CONCRET NOR SA,PANEDILE ARGENTINA SA","CONCRET NOR SA,PANEDILE ARGENTINA SA",empresa,3,11.2893,"CONCRET NOR S.A.,PANEDILE ARGENTINA S.A."
CONDORYACU SRL,CONDORYACU SRL,empresa,3,664.0509,CONDORYACU S.R.L.
CONSTRUCTORA NORTE SRL,CONSTRUCTORA NORTE SRL,empresa,3,26.247300000000003,CONSTRUCTORA NORTE S.R.L.
CRITICAL REAGENTS ARGENTINA SAS,CRITICAL REAGENTS ARGENTINA SAS,empresa,3,599.9985,CRITICAL REAGENTS ARGENTINA S.A.S.
DECAVIAL SA I C A C,DECAVIAL SA I C A C,empresa,3,117.24300000000001,DECAVIAL S.A.I.C.A.C.
DEFENSA Y ENCAUZAMIENTO SA,DEFENSA Y ENCAUZAMIENTO SA,empresa,3,83.3859,DEFENSA Y ENCAUZAMIENTO S.A.
DEMISA CONSTRUCCIONES SA,DEMISA CONSTRUCCIONES SA,empresa,3,60.183,DEMISA CONSTRUCCIONES S.A.
DINARCO SA,DINARCO SA,empresa,3,39.1098,DINARCO S.A.
ELECTROQUIMICA EL CARMEN SA,ELECTROQUIMICA EL CARMEN SA,empresa,3,267.1293,ELECTROQUIMICA EL CARMEN S.A.
EMISA SA,EMISA SA,empresa,3,6661.395,EMISA S.A.
ENERGY FIELD SERVICES SA,ENERGY FIELD SERVICES SA,empresa,3,2140.4946,ENERGY FIELD SERVICES S.A.
ESTANCIAS EL ALGARROBO SA,ESTANCIAS EL ALGARROBO SA,empresa,3,150.0006,ESTANCIAS EL ALGARROBO S.A.
FULLBLOCK SRL,FULLBLOCK SRL,empresa,3,29.072699999999998,FULLBLOCK S.R.L.
GAVINOR SRL,GAVINOR SRL,empresa,3,43.7575,GAVINOR S.R.L.
GREEN SA,GREEN SA,empresa,3,21.624299999999998,GREEN S.A.
HANCHA SA,HANCHA SA,empresa,3,3269.511,HANCHA S.A.
HIDROTEC SA,HIDROTEC SA,empresa,3,6169.324200000001,HIDROTEC S.A.
HIGH LUCK GROUP LTD,HIGH LUCK GROUP LTD,empresa,3,5.3580000000000005,HIGH LUCK GROUP LIMITED
HIJOS DE SALVADOR MUNOZ SRL,HIJOS DE SALVADOR MUNOZ SRL,empresa,3,7.4184,HIJOS DE SALVADOR MUÑOZ S.R.L.
HOLCIM ARGENTINA SA,HOLCIM ARGENTINA SA,empresa,3,4250.5098,HOLCIM (ARGENTINA) S.A.
INCAHUASI EXPLORACIONES SA,INCAHUASI EXPLORACIONES SA,empresa,3,2745.7617,INCAHUASI EXPLORACIONES S.A.
"JUPITER SRL,LITHIUM S CORP SA","JUPITER SRL,LITHIUM S CORP SA",empresa,3,599.9993999999999,"JUPITER S.R.L.,LITHIUM S CORPORATION S.A."
LA ESTACION BIENES RAICES SA,LA ESTACION BIENES RAICES SA,empresa,3,126.31110000000001,LA ESTACION BIENES RAICES S.A.
LAS GRAMAS SA,LAS GRAMAS SA,empresa,3,149.4105,LAS GRAMAS S.A.
LEMIRO PABLO PIETROBONI SA,LEMIRO PABLO PIETROBONI SA,empresa,3,6.526800000000001,LEMIRO PABLO PIETROBONI S.A.
LITHIUM ARGENTINA RESOURCES SA,LITHIUM ARGENTINA RESOURCES SA,empresa,3,1677.2145,LITHIUM ARGENTINA RESOURCES S.A.
MARCAMPO SA,MARCAMPO SA,empresa,3,17.4477,MARCAMPO S.A.
MIJOVI SRL,MIJOVI SRL,empresa,3,15.860400000000002,MIJOVI S.R.L.
MINERA AUSTRAL SA,MINERA AUSTRAL SA,empresa,3,2993.3849999999998,MINERA AUSTRAL S.A.
MINERA INDUSTRIAL ARGENTINA SRL,MINERA INDUSTRIAL ARGENTINA SRL,empresa,3,404.9763,MINERA INDUSTRIAL ARGENTINA S.R.L.
MINERA PEDERNALES SA,MINERA PEDERNALES SA,empresa,3,1396.1789999999999,MINERA PEDERNALES S.A.
MOCOVI SRL,MOCOVI SRL,empresa,3,30.5664,MOCOVI S.R.L.
MP MINERIA POSITIVA SRL,MP MINERIA POSITIVA SRL,empresa,3,8883.9912,MP MINERIA POSITIVA S.R.L.
PATAGONIA LITHIUM ARGENTINA SA,PATAGONIA LITHIUM ARGENTINA SA,empresa,3,1714.6209,PATAGONIA LITHIUM ARGENTINA S.A.
PETROQUIMICA COMODORO RIVADAVIA SA,PETROQUIMICA COMODORO RIVADAVIA SA,empresa,3,2845.9910999999997,PETROQUIMICA COMODORO RIVADAVIA S.A.
PRODUCTORA V D SRL,PRODUCTORA V D SRL,empresa,3,180.9972,PRODUCTORA V-D S.R.L.
PROPTECH SA,PROPTECH SA,empresa,3,3.0003,PROPTECH S.A.
PUEBLOS ORIGINALES SAS,PUEBLOS ORIGINALES SAS,empresa,3,96.36269999999999,PUEBLOS ORIGINALES S.A.S.
RAV SRL,RAV SRL,empresa,3,25.4484,RAV S.R.L.
RECHARGE RESOURCES ARGENTINA SAU,RECHARGE RESOURCES ARGENTINA SAU,empresa,3,2399.9946,RECHARGE RESOURCES ARGENTINA S.A.U.
RENE ELADIO VALDEZ SRL,RENE ELADIO VALDEZ SRL,empresa,3,142.0809,RENE ELADIO VALDEZ S.R.L.
RIO POTRERO SRL,RIO POTRERO SRL,empresa,3,128.3082,RIO POTRERO S.R.L.
"SERVICIOS MINEROS ATACAMA SRL,SOUTH AMERICAN SALARS SA","SERVICIOS MINEROS ATACAMA SRL,SOUTH AMERICAN SALARS SA",empresa,3,8034.622800000001,"SERVICIOS MINEROS ATACAMA S.R.L.,SOUTH AMERICAN SALARS S.A."
SERVICIOS VIALES DE PIGUE SA,SERVICIOS VIALES DE PIGUE SA,empresa,3,23.5749,SERVICIOS VIALES DE PIGÜE S.A.
SIMON AGUSTIN HOYOS SA,SIMON AGUSTIN HOYOS SA,empresa,3,21.8358,SIMON AGUSTIN HOYOS S.A.
SOUTHERN CROSS BRITANNIA LTD,SOUTHERN CROSS BRITANNIA LTD,empresa,3,18003.6516,SOUTHERN CROSS BRITANNIA LTD.
TECPETROL SA,TECPETROL SA,empresa,3,2140.4946,TECPETROL S.A.
ULTRA ARGENTINA SRL,ULTRA ARGENTINA SRL,empresa,3,1240.8177,ULTRA ARGENTINA S.R.L.
URAMERICA ARGENTINA SA,URAMERICA ARGENTINA SA,empresa,3,8994.3672,URAMERICA ARGENTINA S.A.
VIAL ZENTA SRL,VIAL ZENTA SRL,empresa,3,40.324799999999996,VIAL ZENTA S.R.L.
YARIGUARENDA SA,YARIGUARENDA SA,empresa,3,54.0051,YARIGUARENDA S.A.
ZERO CONSTRUCCIONES SRL,ZERO CONSTRUCCIONES SRL,empresa,3,17.345399999999998,ZERO CONSTRUCCIONES S.R.L.
7 HERMANOS SAS,7 HERMANOS SAS,empresa,2,94.7078,7 HERMANOS S.A.S.
"CONTENEDORES Y SERVICIOS SRL,LITHIUM S CORP SA","CONTENEDORES Y SERVICIOS SRL,LITHIUM S CORP SA",empresa,2,80.0288,"CONTENEDORES Y SERVICIOS S.R.L.,LITHIUM S CORPORATION S.A."
HANICHA SA,HANICHA SA,empresa,2,4120.0115,HANICHA S.A.
IMPORTADORA EXPORTADORA AVANTI SRL,IMPORTADORA EXPORTADORA AVANTI SRL,empresa,2,24.0,IMPORTADORA-EXPORTADORA AVANTI S.R.L.
NORTE EXPLORACIONES SA,NORTE EXPLORACIONES SA,empresa,2,200.0,NORTE EXPLORACIONES S.A.
OCHRE MINING SA,OCHRE MINING SA,empresa,2,4120.0115,OCHRE MINING S.A.
PASCHA SRL,PASCHA SRL,empresa,2,99.954,PASCHA S.R.L.
AJAX SALTA SA,AJAX SALTA SA,empresa,1,1996.8063,AJAX SALTA S.A.
ALPHA PUNA SA,ALPHA PUNA SA,empresa,1,2566.5594,ALPHA PUNA S.A.
ANGLOGOLD EXPLORACIONES NORTE SAU,ANGLOGOLD EXPLORACIONES NORTE SAU,empresa,1,512.832,ANGLOGOLD EXPLORACIONES NORTE S.A.U.
APEX LITHIUM SA,APEX LITHIUM SA,empresa,1,3589.4758,APEX LITHIUM S.A.
AVANTI SRL,AVANTI SRL,empresa,1,12.0,AVANTI S.R.L.
"COSMOS MINERALS SA,EKEKO SA","COSMOS MINERALS SA,EKEKO SA",empresa,1,994.3313,"COSMOS MINERALS S.A.,EKEKO S.A."
GALAN EXPLORACIONES SA,GALAN EXPLORACIONES SA,empresa,1,2994.5298,GALAN EXPLORACIONES S.A.
HARAWI SA,HARAWI SA,empresa,1,1597.9992,HARAWI S.A.
LA CASUALIDAD SA,LA CASUALIDAD SA,empresa,1,91.0744,LA CASUALIDAD S.A.
LILAC SOLUTIONS TOLAR CHICO SAU,LILAC SOLUTIONS TOLAR CHICO SAU,empresa,1,3498.594,LILAC SOLUTIONS TOLAR CHICO S.A.U.
"LITHIUM S CORP SA,RINCON MINING LTD","LITHIUM S CORP SA,RINCON MINING LTD",empresa,1,40.0144,"LITHIUM S CORPORATION S.A.,RINCON MINING LIMITED"
MUNICIPALIDAD DE SALTA,MUNICIPALIDAD DE SALTA,gubernamental,15,131.3592,MUNICIPALIDAD DE SALTA
MUNICIPALIDAD DE SAN LORENZO,MUNICIPALIDAD DE SAN LORENZO,gubernamental,15,53.7699,MUNICIPALIDAD DE SAN LORENZO
MUNICIPALIDAD DE VAQUEROS,MUNICIPALIDAD DE VAQUEROS,gubernamental,13,246.56889999999999,MUNICIPALIDAD DE VAQUEROS
MUNICIPALIDAD DE ROSARIO DE LA FRONTERA,MUNICIPALIDAD DE ROSARIO DE LA FRONTERA,gubernamental,12,117.18690000000001,MUNICIPALIDAD DE ROSARIO DE LA FRONTERA
MUNICIPALIDAD DE AGUARAY,MUNICIPALIDAD DE AGUARAY,gubernamental,9,7.389900000000001,MUNICIPALIDAD DE AGUARAY
MUNICIPALIDAD DE GENERAL GUEMES,MUNICIPALIDAD DE GENERAL GUEMES,gubernamental,9,199.1679,MUNICIPALIDAD DE GENERAL GÜEMES
MUNICIPALIDAD DE METAN,MUNICIPALIDAD DE METAN,gubernamental,9,78.4296,MUNICIPALIDAD DE METAN
MUNICIPALIDAD DE TARTAGAL,MUNICIPALIDAD DE TARTAGAL,gubernamental,9,35.3046,MUNICIPALIDAD DE TARTAGAL
MUNICIPALIDAD DE ANIMANA,MUNICIPALIDAD DE ANIMANA,gubernamental,6,8.2608,MUNICIPALIDAD DE ANIMANA
MUNICIPALIDAD DE CAFAYATE,MUNICIPALIDAD DE CAFAYATE,gubernamental,6,27.2337,MUNICIPALIDAD DE CAFAYATE
MUNICIPALIDAD DE CAMPO QUIJANO,MUNICIPALIDAD DE CAMPO QUIJANO,gubernamental,6,78.0708,MUNICIPALIDAD DE CAMPO QUIJANO
MUNICIPALIDAD DE CERRILLOS,MUNICIPALIDAD DE CERRILLOS,gubernamental,6,52.7682,MUNICIPALIDAD DE CERRILLOS
MUNICIPALIDAD DE JOAQUIN V GONZALEZ,MUNICIPALIDAD DE JOAQUIN V GONZALEZ,gubernamental,6,115.89089999999999,MUNICIPALIDAD DE JOAQUIN V. GONZALEZ
MUNICIPALIDAD DE LA MERCED,MUNICIPALIDAD DE LA MERCED,gubernamental,6,22.2012,MUNICIPALIDAD DE LA MERCED
MUNICIPALIDAD DE ORAN,MUNICIPALIDAD DE ORAN,gubernamental,6,61.9086,MUNICIPALIDAD DE ORAN
MUNICIPALIDAD DE ROSARIO DE LERMA,MUNICIPALIDAD DE ROSARIO DE LERMA,gubernamental,4,70.4898,MUNICIPALIDAD DE ROSARIO DE LERMA
MUNICIPALIDAD DE APOLINARIO SARAVIA,MUNICIPALIDAD DE APOLINARIO SARAVIA,gubernamental,3,29.9538,MUNICIPALIDAD DE APOLINARIO SARAVIA
MUNICIPALIDAD DE CAMPO SANTO,MUNICIPALIDAD DE CAMPO SANTO,gubernamental,3,31.489800000000002,MUNICIPALIDAD DE CAMPO SANTO
MUNICIPALIDAD DE CORONEL MOLDES,MUNICIPALIDAD DE CORONEL MOLDES,gubernamental,3,9.5355,MUNICIPALIDAD DE CORONEL MOLDES
MUNICIPALIDAD DE EL BORDO,MUNICIPALIDAD DE EL BORDO,gubernamental,3,26.919000000000004,MUNICIPALIDAD DE EL BORDO
MUNICIPALIDAD DE EL CARRIL,MUNICIPALIDAD DE EL CARRIL,gubernamental,3,15.2883,MUNICIPALIDAD DE EL CARRIL
MUNICIPALIDAD DE LA CALDERA,MUNICIPALIDAD DE LA CALDERA,gubernamental,3,51.155699999999996,MUNICIPALIDAD DE LA CALDERA
MUNICIPALIDAD DE LA POMA,MUNICIPALIDAD DE LA POMA,gubernamental,3,0.5208,MUNICIPALIDAD DE LA POMA
MUNICIPALIDAD DE LA VINA,MUNICIPALIDAD DE LA VINA,gubernamental,3,47.3856,MUNICIPALIDAD DE LA VIÑA
MUNICIPALIDAD DE LOS TOLDOS,MUNICIPALIDAD DE LOS TOLDOS,gubernamental,3,0.357,MUNICIPALIDAD DE LOS TOLDOS
MUNICIPALIDAD DE PIZARRO,MUNICIPALIDAD DE PIZARRO,gubernamental,3,15.827099999999998,MUNICIPALIDAD DE PIZARRO
MUNICIPALIDAD DE SAN CARLOS,MUNICIPALIDAD DE SAN CARLOS,gubernamental,3,4.5291,MUNICIPALIDAD DE SAN CARLOS
MUNICIPALIDAD DE CHICOANA,MUNICIPALIDAD DE CHICOANA,gubernamental,2,14.0574,MUNICIPALIDAD DE CHICOANA
"ROJO NATALIA,SERVICIOS Y PROYECTOS MINEROS SRL","ROJO NATALIA,SERVICIOS Y PROYECTOS MINEROS SRL",mixto,15,5285.1051,"ROJO NATALIA,SERVICIOS Y PROYECTOS MINEROS S.R.L."
"ARGANARAZ OLIVERO RAFAEL,ASTRALI SA,DAROCA MAURICIO EMILIANO,SERVICIOS MINEROS ATACAMA SRL","ARGANARAZ OLIVERO RAFAEL,ASTRALI SA,DAROCA MAURICIO EMILIANO,SERVICIOS MINEROS ATACAMA SRL",mixto,8,182.9296,"ARGAÑARAZ OLIVERO RAFAEL,DAROCA MAURICIO EMILIANO,ASTRALI S.A.,SERVICIOS MINEROS ATACAMA S.R.L."
"ARGANARAZ OLIVERO RAFAEL,ASTRALI SA,DAROCA MAURICIO EMILIANO","ARGANARAZ OLIVERO RAFAEL,ASTRALI SA,DAROCA MAURICIO EMILIANO",mixto,4,107.91,"ARGAÑARAZ OLIVERO RAFAEL,ASTRALI S.A.,DAROCA MAURICIO EMILIANO"
"ARGANARAZ OLIVERO RAFAEL,SERVICIOS MINEROS ATACAMA SRL,SOUTH AMERICAN SALARS SA","ARGANARAZ OLIVERO RAFAEL,SERVICIOS MINEROS ATACAMA SRL,SOUTH AMERICAN SALARS SA",mixto,3,899.8287,"ARGAÑARAZ OLIVERO RAFAEL,SERVICIOS MINEROS ATACAMA S.R.L.,SOUTH AMERICAN SALARS S.A."
"CERAMICA ORTIZ SRL,ORTIZ VICTOR HUGO","CERAMICA ORTIZ SRL,ORTIZ VICTOR HUGO",mixto,3,70.8645,"CERAMICA ORTIZ S.R.L.,ORTIZ VICTOR HUGO"
"CORNEJO DIEZ ADOLFO,PACHA MINERALS SA","CORNEJO DIEZ ADOLFO,PACHA MINERALS SA",mixto,3,2100.0,"CORNEJO DIEZ ADOLFO,PACHA MINERALS S.A."
"EKEKO SA,RODRIGUEZ SILVIA RENE","EKEKO SA,RODRIGUEZ SILVIA RENE",mixto,3,4497.112499999999,"EKEKO S.A.,RODRIGUEZ SILVIA RENE"
"FORTRA SAS,GONZALEZ BALDA HECTOR RUBEN","FORTRA SAS,GONZALEZ BALDA HECTOR RUBEN",mixto,3,5663.448899999999,"FORTRA S.A.S.,GONZALEZ BALDA HECTOR RUBEN"
"ARGANARAZ OLIVERO RAFAEL,ASTRALI SA,MAURICIO EMILIANO DAROCA SA","ARGANARAZ OLIVERO RAFAEL,ASTRALI SA,MAURICIO EMILIANO DAROCA SA",mixto,2,53.955,"ARGAÑARAZ OLIVERO RAFAEL,ASTRALI S.A.,MAURICIO EMILIANO DAROCA S.A."
"DAROCA MAURICIO EMILIANO,EKEKO SA,PACHA MINERALS SA","DAROCA MAURICIO EMILIANO,EKEKO SA,PACHA MINERALS SA",mixto,2,2185.0566,"DAROCA MAURICIO EMILIANO,EKEKO S.A.,PACHA MINERALS S.A."
"ARGANARAZ OLIVERO RAFAEL,ASTRALI SA,MAURICIO EMILIANO DAROCA SA,SERVICIOS MINEROS ATACAMA SRL","ARGANARAZ OLIVERO RAFAEL,ASTRALI SA,MAURICIO EMILIANO DAROCA SA,SERVICIOS MINEROS ATACAMA SRL",mixto,1,5.9651,"ARGAÑARAZ OLIVERO RAFAEL,ASTRALI S.A.,MAURICIO EMILIANO DAROCA S.A.,SERVICIOS MINEROS ATACAMA S.R.L."
CASTANEDA NORDMANN RODRIGO,CASTANEDA NORDMANN RODRIGO,persona_fisica,391,433872.1521,CASTAÑEDA NORDMANN RODRIGO
VACANCIA SOLICITADA,VACANCIA SOLICITADA,persona_fisica,345,492538.039,Vacancia Solicitada
FLEMING PATRON COSTAS MARCELO,FLEMING PATRON COSTAS MARCELO,persona_fisica,272,379706.1735,FLEMING PATRON COSTAS MARCELO
MATERIAS PRIMAS ARGENTINA,MATERIAS PRIMAS ARGENTINA,persona_fisica,132,6663.6282,MATERIAS PRIMAS ARGENTINA
MARTINEZ ANGEL GASTON,MARTINEZ ANGEL GASTON,persona_fisica,67,60719.3659,MARTINEZ ANGEL GASTON
NUNEZ RAMON,NUNEZ RAMON,persona_fisica,63,29438.6757,NUÑEZ RAMON
ALONSO VASILE ALVARO SANTIAGO,ALONSO VASILE ALVARO SANTIAGO,persona_fisica,59,58607.8024,ALONSO VASILE ALVARO SANTIAGO
"HIRSCHSON ALVAREZ PRADO ALFREDO JOAQUIN,LEMOS ENRIQUE RAUL,PRESTA JOSE LUIS","HIRSCHSON ALVAREZ PRADO ALFREDO JOAQUIN,LEMOS ENRIQUE RAUL,PRESTA JOSE LUIS",persona_fisica,52,167046.2439,"HIRSCHSON ALVAREZ PRADO ALFREDO JOAQUIN,LEMOS ENRIQUE RAUL,PRESTA JOSE LUIS"
ARGANARAZ OLIVERO RAFAEL,ARGANARAZ OLIVERO RAFAEL,persona_fisica,45,29814.4665,ARGAÑARAZ OLIVERO RAFAEL
VALDEZ JUAN CARLOS,VALDEZ JUAN CARLOS,persona_fisica,45,657.3791,VALDEZ JUAN CARLOS
ROMERO PATRICIA ALEJANDRA,ROMERO PATRICIA ALEJANDRA,persona_fisica,43,47484.8583,ROMERO PATRICIA ALEJANDRA
DIRECCION DE VIALIDAD DE SALTA,DIRECCION DE VIALIDAD DE SALTA,persona_fisica,39,1129.8795,DIRECCION DE VIALIDAD DE SALTA
RODRIGUEZ BERDIER MARTIN,RODRIGUEZ BERDIER MARTIN,persona_fisica,38,65909.492,RODRIGUEZ BERDIER MARTIN
MONCHOLI MARIO ANGEL BLAS,MONCHOLI MARIO ANGEL BLAS,persona_fisica,36,1984.1387000000002,MONCHOLI MARIO ANGEL BLAS
"ARGANARAZ OLIVERO RAFAEL,CELORRIO IGNACIO HERNAN,GUERRERO ALVARADO DAVID,TEMPERLEY DIEGO GUILLERMO","ARGANARAZ OLIVERO RAFAEL,CELORRIO IGNACIO HERNAN,GUERRERO ALVARADO DAVID,TEMPERLEY DIEGO GUILLERMO",persona_fisica,30,39240.48,"ARGAÑARAZ OLIVERO RAFAEL,CELORRIO IGNACIO HERNAN,GUERRERO ALVARADO DAVID,TEMPERLEY DIEGO GUILLERMO"
"AGUILAR SERGIO ADRIAN IGNACIO,AGUILAR SERGIO IGNACIO","AGUILAR SERGIO ADRIAN IGNACIO,AGUILAR SERGIO IGNACIO",persona_fisica,29,70188.6692,"AGUILAR SERGIO ADRIAN IGNACIO,AGUILAR SERGIO IGNACIO"
"NEGRIZ GANDOLA ANA ISABEL,PILCO LEAL NATALIA ALEJANDRA","NEGRIZ GANDOLA ANA ISABEL,PILCO LEAL NATALIA ALEJANDRA",persona_fisica,29,13974.314900000001,"NEGRIZ GANDOLA ANA ISABEL,PILCO LEAL NATALIA ALEJANDRA"
TITO SEBASTIAN FRANCO,TITO SEBASTIAN FRANCO,persona_fisica,28,29522.808100000002,TITO SEBASTIAN FRANCO
BROGIN ALBA MATIAS JULIO,BROGIN ALBA MATIAS JULIO,persona_fisica,27,50413.3179,BROGIN ALBA MATIAS JULIO
PAZ RAMIREZ LUCIANA DORIS,PAZ RAMIREZ LUCIANA DORIS,persona_fisica,27,30911.863599999997,PAZ RAMIREZ LUCIANA DORIS
"CRUZ HIPOLITO GUMERCINDO,CRUZ LEA ELIANA","CRUZ HIPOLITO GUMERCINDO,CRUZ LEA ELIANA",persona_fisica,24,446.03610000000003,"CRUZ HIPOLITO GUMERCINDO,CRUZ LEA ELIANA"
AFRANLLIE JORGE DAVID,AFRANLLIE JORGE DAVID,persona_fisica,21,931.8579,AFRANLLIE JORGE DAVID
AMADO LUCAS SEBASTIAN,AMADO LUCAS SEBASTIAN,persona_fisica,19,21338.8349,AMADO LUCAS SEBASTIAN
ALANI MARCELO,ALANI MARCELO,persona_fisica,18,27051.6562,ALANI MARCELO
"ARAOZ ORTEGA FACUNDO LUIS,LOPEZ MARCOS MANUEL,MARTINEZ ANGEL GASTON","ARAOZ ORTEGA FACUNDO LUIS,LOPEZ MARCOS MANUEL,MARTINEZ ANGEL GASTON",persona_fisica,18,23984.6148,"ARAOZ ORTEGA FACUNDO LUIS,LOPEZ MARCOS MANUEL,MARTINEZ ANGEL GASTON"
"BUGANEM CARLOS CRISTIAN,TAMER OSCAR ADOLFO","BUGANEM CARLOS CRISTIAN,TAMER OSCAR ADOLFO",persona_fisica,18,3996.0135,"TAMER OSCAR ADOLFO,BUGANEM CARLOS CRISTIAN"
"DAGUN ANDREA LORENA,GOYTIA FERNANDO JOSE,SARAVIA NAVAMUEL HECTOR","DAGUN ANDREA LORENA,GOYTIA FERNANDO JOSE,SARAVIA NAVAMUEL HECTOR",persona_fisica,18,3221.1828,"DAGUN ANDREA LORENA,GOYTIA FERNANDO JOSE,SARAVIA NAVAMUEL HECTOR"
"GEORGALOS ALEJANDRO MIGUEL,GEORGALOS MIGUEL ODISSEAS,PIERINI FRANCO","GEORGALOS ALEJANDRO MIGUEL,GEORGALOS MIGUEL ODISSEAS,PIERINI FRANCO",persona_fisica,18,45030.1098,"GEORGALOS ALEJANDRO MIGUEL,GEORGALOS MIGUEL ODISSEAS,PIERINI FRANCO"
"GIMENO GUILLOT MARIA SOL,SARAVIA NAVAMUEL HECTOR","GIMENO GUILLOT MARIA SOL,SARAVIA NAVAMUEL HECTOR",persona_fisica,18,46624.6124,"GIMENO GUILLOT MARIA SOL,SARAVIA NAVAMUEL HECTOR"
LOPEZ EDITH SOLEDAD,LOPEZ EDITH SOLEDAD,persona_fisica,18,199.7307,LOPEZ EDITH SOLEDAD
MONTEBELLI GONZALO JAVIER,MONTEBELLI GONZALO JAVIER,persona_fisica,18,38640.183899999996,MONTEBELLI GONZALO JAVIER
DE LA HOZ GONZALO MAURO,DE LA HOZ GONZALO MAURO,persona_fisica,16,6209.4516,DE LA HOZ GONZALO MAURO
SOSA QUINTANA RAYMUNDO,SOSA QUINTANA RAYMUNDO,persona_fisica,16,12143.1464,SOSA QUINTANA RAYMUNDO
ALANI HECTOR HORACIO,ALANI HECTOR HORACIO,persona_fisica,15,18173.5611,ALANI HECTOR HORACIO
"ALANI HECTOR HORACIO,PAPADOPULOS LUIS ALEJANDRO","ALANI HECTOR HORACIO,PAPADOPULOS LUIS ALEJANDRO",persona_fisica,15,35228.3626,"ALANI HECTOR HORACIO,PAPADOPULOS LUIS ALEJANDRO"
"CABANILLAS MARIA NATALIA,CASTANEDA NORDMANN RODRIGO,FABIAN SILVIO DOMINGO","CABANILLAS MARIA NATALIA,CASTANEDA NORDMANN RODRIGO,FABIAN SILVIO DOMINGO",persona_fisica,15,37250.601,"CABANILLAS MARIA NATALIA,CASTAÑEDA NORDMANN RODRIGO,FABIAN SILVIO DOMINGO"
CAIMI FERNANDO ENRIQUE,CAIMI FERNANDO ENRIQUE,persona_fisica,15,383.31600000000003,CAIMI FERNANDO ENRIQUE
COLQUE GERARDO MARTIN,COLQUE GERARDO MARTIN,persona_fisica,15,626.9861999999999,COLQUE GERARDO MARTIN
UTE LP PIETROBONI SERVICIOS VIALES DE PIGUE,UTE LP PIETROBONI SERVICIOS VIALES DE PIGUE,persona_fisica,15,169.0116,UTE LP PIETROBONI - SERVICIOS VIALES DE PIGÜE
VIVEROS MARTIN,VIVEROS MARTIN,persona_fisica,15,5227.4148,VIVEROS MARTIN
GANAM MAURELL CARLOS ENRIQUE,GANAM MAURELL CARLOS ENRIQUE,persona_fisica,14,6649.2762999999995,GANAM MAURELL CARLOS ENRIQUE
"GARRETO ADRIANA TERESA,VESPA ADRIANA MONICA DEL MILAGRO","GARRETO ADRIANA TERESA,VESPA ADRIANA MONICA DEL MILAGRO",persona_fisica,14,34705.9023,"GARRETO ADRIANA TERESA,VESPA ADRIANA MONICA DEL MILAGRO"
AGUILAR SERGIO IGNACIO,AGUILAR SERGIO IGNACIO,persona_fisica,13,14608.7864,AGUILAR SERGIO IGNACIO
ARAUJO PABLO DANIEL,ARAUJO PABLO DANIEL,persona_fisica,13,19502.1598,ARAUJO PABLO DANIEL
YAPURA PAOLA CECILIA,YAPURA PAOLA CECILIA,persona_fisica,13,22034.0933,YAPURA PAOLA CECILIA
"AGUILAR SERGIO IGNACIO,ESPINOSA LUIS ADRIAN","AGUILAR SERGIO IGNACIO,ESPINOSA LUIS ADRIAN",persona_fisica,12,20896.382700000002,"AGUILAR SERGIO IGNACIO,ESPINOSA LUIS ADRIAN"
AMADO GERONIMO,AMADO GERONIMO,persona_fisica,12,14973.7593,AMADO GERONIMO
AMADO MATIAS SIMON,AMADO MATIAS SIMON,persona_fisica,12,10384.9383,AMADO MATIAS SIMON
ANIS ALGARRA RAUL MARIO,ANIS ALGARRA RAUL MARIO,persona_fisica,12,901.2945,ANIS ALGARRA RAUL MARIO
"ARGANARAZ OLIVERO RAFAEL,CELORRIO IGNACIO HERNAN,DI GIORGIO OSVALDO,TEMPERLEY DIEGO GUILLERMO","ARGANARAZ OLIVERO RAFAEL,CELORRIO IGNACIO HERNAN,DI GIORGIO OSVALDO,TEMPERLEY DIEGO GUILLERMO",persona_fisica,12,27735.3408,"ARGAÑARAZ OLIVERO RAFAEL,CELORRIO IGNACIO HERNAN,DI GIORGIO OSVALDO,TEMPERLEY DIEGO GUILLERMO"
"BARR NICOLAS ANDRES,VARELA JACINTO OSCAR","BARR NICOLAS ANDRES,VARELA JACINTO OSCAR",persona_fisica,12,5765.4393,"BARR NICOLAS ANDRES,VARELA JACINTO OSCAR"
BARRIOS FROILAN,BARRIOS FROILAN,persona_fisica,12,259.3332,BARRIOS FROILAN
COMISION NACIONAL DE ENERGIA ATOMICA,COMISION NACIONAL DE ENERGIA ATOMICA,persona_fisica,12,10782.4707,COMISION NACIONAL DE ENERGIA ATOMICA
CRUZ LEA ELIANA,CRUZ LEA ELIANA,persona_fisica,12,293.9196,CRUZ LEA ELIANA
LOPEZ SANCHEZ ROQUE,LOPEZ SANCHEZ ROQUE,persona_fisica,12,107.4696,LOPEZ SANCHEZ ROQUE
VIDAL ENRIQUE JOSE,VIDAL ENRIQUE JOSE,persona_fisica,12,5209.8183,VIDAL ENRIQUE JOSE
DILASCIO LOPEZ AUGUSTO,DILASCIO LOPEZ AUGUSTO,persona_fisica,11,11772.5958,DILASCIO LOPEZ AUGUSTO
GONZALEZ GRISELDA MARCELA,GONZALEZ GRISELDA MARCELA,persona_fisica,11,547.1253,GONZALEZ GRISELDA MARCELA
"LOPEZ PATRICIA ELVIRA,MARTINICH MARIA NATALIA,SILVESTRE JUAN PABLO","LOPEZ PATRICIA ELVIRA,MARTINICH MARIA NATALIA,SILVESTRE JUAN PABLO",persona_fisica,11,20000.3293,"LOPEZ PATRICIA ELVIRA,MARTINICH MARIA NATALIA,SILVESTRE JUAN PABLO"
PEIRONE IGNACIO,PEIRONE IGNACIO,persona_fisica,11,11772.5958,PEIRONE IGNACIO
SOSA ALBERTO RAYMUNDO,SOSA ALBERTO RAYMUNDO,persona_fisica,11,13024.687600000001,SOSA ALBERTO RAYMUNDO
ARAUJO JUAN CARLOS,ARAUJO JUAN CARLOS,persona_fisica,10,10957.82,ARAUJO JUAN CARLOS
NEGRIZ GANDOLA ANA ISABEL,NEGRIZ GANDOLA ANA ISABEL,persona_fisica,10,17217.776,NEGRIZ GANDOLA ANA ISABEL
VALDEZ RUBEN ELADIO,VALDEZ RUBEN ELADIO,persona_fisica,10,105.80720000000001,VALDEZ RUBEN ELADIO
VALDIVIEZO MARTA GLORIA,VALDIVIEZO MARTA GLORIA,persona_fisica,10,1833.0912,VALDIVIEZO MARTA GLORIA
"ALANI HECTOR HORACIO,VESPA ADRIANA MONICA DEL MILAGRO","ALANI HECTOR HORACIO,VESPA ADRIANA MONICA DEL MILAGRO",persona_fisica,9,18977.2434,"ALANI HECTOR HORACIO,VESPA ADRIANA MONICA DEL MILAGRO"
"ARAUJO ADRIAN NICOLAS,CANIZARES ANA GABRIELA,QUIROGA MIRTA AMALIA","ARAUJO ADRIAN NICOLAS,CANIZARES ANA GABRIELA,QUIROGA MIRTA AMALIA",persona_fisica,9,14194.5612,"ARAUJO ADRIAN NICOLAS,CAÑIZARES ANA GABRIELA,QUIROGA MIRTA AMALIA"
"ARAUJO CAMILA MARIANA,LOPEZ LUCIANA ANDREA,ZIGARAN GUSTAVO RAMON","ARAUJO CAMILA MARIANA,LOPEZ LUCIANA ANDREA,ZIGARAN GUSTAVO RAMON",persona_fisica,9,14194.5612,"ARAUJO CAMILA MARIANA,LOPEZ LUCIANA ANDREA,ZIGARAN GUSTAVO RAMON"
"ARAUJO JUAN CARLOS,CANIZARES MARIO AGUSTIN,ORELLANA OSCAR JUAN","ARAUJO JUAN CARLOS,CANIZARES MARIO AGUSTIN,ORELLANA OSCAR JUAN",persona_fisica,9,14194.5612,"ARAUJO JUAN CARLOS,CAÑIZARES MARIO AGUSTIN,ORELLANA OSCAR JUAN"
"ARAUJO PABLO DANIEL,CANIZARES MARIO ALBERTO","ARAUJO PABLO DANIEL,CANIZARES MARIO ALBERTO",persona_fisica,9,14194.5612,"ARAUJO PABLO DANIEL,CAÑIZARES MARIO ALBERTO"
BURGOS MIGUEL MARTIN,BURGOS MIGUEL MARTIN,persona_fisica,9,27519.1281,BURGOS MIGUEL MARTIN
"CANIZARES CLAUDIA BIBIANA,LOPEZ MARIO GERMAN,NEGRIZ GANDOLA ANA ISABEL","CANIZARES CLAUDIA BIBIANA,LOPEZ MARIO GERMAN,NEGRIZ GANDOLA ANA ISABEL",persona_fisica,9,14194.5612,"CAÑIZARES CLAUDIA BIBIANA,LOPEZ MARIO GERMAN,NEGRIZ GANDOLA ANA ISABEL"
"CASTANEDA NORDMANN RODRIGO,GANAM MAURELL CARLOS ENRIQUE","CASTANEDA NORDMANN RODRIGO,GANAM MAURELL CARLOS ENRIQUE",persona_fisica,9,14931.884100000001,"CASTAÑEDA NORDMANN RODRIGO,GANAM MAURELL CARLOS ENRIQUE"
"EIJO DE TEZANOS PINTO FEDERICO MARIANO,EIJO DE TEZANOS PINTO MARIO ROBERTO,GEORGALOS ALEJANDRO MIGUEL,VILLA LARROUDET JUAN CARLOS","EIJO DE TEZANOS PINTO FEDERICO MARIANO,EIJO DE TEZANOS PINTO MARIO ROBERTO,GEORGALOS ALEJANDRO MIGUEL,VILLA LARROUDET JUAN CARLOS",persona_fisica,9,17724.8196,"EIJO DE TEZANOS PINTO FEDERICO MARIANO,EIJO DE TEZANOS PINTO MARIO ROBERTO,GEORGALOS ALEJANDRO MIGUEL,VILLA LARROUDET JUAN CARLOS"
FERNANDEZ PEREZ CARLOS EDUARDO,FERNANDEZ PEREZ CARLOS EDUARDO,persona_fisica,9,137.3058,FERNANDEZ PEREZ CARLOS EDUARDO
"GIMENO GUILLOT MARIA SOL,GIMENO TEODORO GUILLERMO,HEREDIA TOMAS MANUEL","GIMENO GUILLOT MARIA SOL,GIMENO TEODORO GUILLERMO,HEREDIA TOMAS MANUEL",persona_fisica,9,15285.939699999999,"GIMENO GUILLOT MARIA SOL,GIMENO TEODORO GUILLERMO,HEREDIA TOMAS MANUEL"
"LALIN HECTOR DANIEL,NEREO NESTOR MARTIN","LALIN HECTOR DANIEL,NEREO NESTOR MARTIN",persona_fisica,9,6052.3683,"LALIN HECTOR DANIEL,NEREO NESTOR MARTIN"
LAZARTE LUIS GABRIEL,LAZARTE LUIS GABRIEL,persona_fisica,9,14999.988000000001,LAZARTE LUIS GABRIEL
MAIOLI ALDO MARIANO,MAIOLI ALDO MARIANO,persona_fisica,9,13500.018900000001,MAIOLI ALDO MARIANO
MONTERRUBIO PEDRO DANIEL,MONTERRUBIO PEDRO DANIEL,persona_fisica,9,316.4931,MONTERRUBIO PEDRO DANIEL
MOYANO CARLOS ALBERTO,MOYANO CARLOS ALBERTO,persona_fisica,9,350.01120000000003,MOYANO CARLOS ALBERTO
NUNEZ SIMON ANTONIO,NUNEZ SIMON ANTONIO,persona_fisica,9,117.5337,NUÑEZ SIMON ANTONIO
POGREBNAIA DARIA ALEXANDROVNA,POGREBNAIA DARIA ALEXANDROVNA,persona_fisica,9,85.0095,POGREBNAIA DARIA ALEXANDROVNA
VILLARROEL ALCOCER FERNANDO ERIK,VILLARROEL ALCOCER FERNANDO ERIK,persona_fisica,9,6679.6293,VILLARROEL ALCOCER FERNANDO ERIK
DOMECQ TRISTAN ALFONSO,DOMECQ TRISTAN ALFONSO,persona_fisica,8,11550.125,DOMECQ TRISTAN ALFONSO
DORIC LILIANA ELIZABET,DORIC LILIANA ELIZABET,persona_fisica,8,8784.6089,DORIC LILIANA ELIZABET
LOPEZ BELEN ALDANA,LOPEZ BELEN ALDANA,persona_fisica,8,4912.3206,LOPEZ BELEN ALDANA
"MOSCOSO ESCOBEDO DANIEL,SBARDOLINI JOSE ANTONIO","MOSCOSO ESCOBEDO DANIEL,SBARDOLINI JOSE ANTONIO",persona_fisica,8,18606.0393,"MOSCOSO ESCOBEDO DANIEL,SBARDOLINI JOSE ANTONIO"
OROZCO JOAQUIN DAVID,OROZCO JOAQUIN DAVID,persona_fisica,8,16489.449,OROZCO JOAQUIN DAVID
PERALTA WALTER LUCAS,PERALTA WALTER LUCAS,persona_fisica,8,8784.6089,PERALTA WALTER LUCAS
SANCHEZ FERRER HERNAN DARIO,SANCHEZ FERRER HERNAN DARIO,persona_fisica,8,11261.4343,SANCHEZ FERRER HERNAN DARIO
"FLEMING PATRON COSTAS MARCELO,YAPURA PAOLA CECILIA","FLEMING PATRON COSTAS MARCELO,YAPURA PAOLA CECILIA",persona_fisica,7,26652.9437,"FLEMING PATRON COSTAS MARCELO,YAPURA PAOLA CECILIA"
SULCA SANCHEZ JAVIER FRANCISCO,SULCA SANCHEZ JAVIER FRANCISCO,persona_fisica,7,342.32,SULCA SANCHEZ JAVIER FRANCISCO
"ABUD JUAN AMADEO,ALANI HECTOR HORACIO","ABUD JUAN AMADEO,ALANI HECTOR HORACIO",persona_fisica,6,16463.7453,"ABUD JUAN AMADEO,ALANI HECTOR HORACIO"
AGUILAR JUAN ANGEL,AGUILAR JUAN ANGEL,persona_fisica,6,112.7655,AGUILAR JUAN ANGEL
"ALANI HECTOR HORACIO,LOPEZ PATRICIA ELVIRA,MARTINICH MARIA NATALIA","ALANI HECTOR HORACIO,LOPEZ PATRICIA ELVIRA,MARTINICH MARIA NATALIA",persona_fisica,6,17583.9396,"ALANI HECTOR HORACIO,LOPEZ PATRICIA ELVIRA,MARTINICH MARIA NATALIA"
"ALVAREZ CLAUDIA ANAHI,ALVAREZ RODRIGO HORACIO","ALVAREZ CLAUDIA ANAHI,ALVAREZ RODRIGO HORACIO",persona_fisica,6,153.22469999999998,"ALVAREZ CLAUDIA ANAHI,ALVAREZ RODRIGO HORACIO"
ARCE DARIO ANTONIO,ARCE DARIO ANTONIO,persona_fisica,6,1791.2685000000001,ARCE DARIO ANTONIO
"ARGANARAZ OLIVERO RAFAEL,GANAM MAURELL CARLOS ENRIQUE,SCARR COLIN IAIN","ARGANARAZ OLIVERO RAFAEL,GANAM MAURELL CARLOS ENRIQUE,SCARR COLIN IAIN",persona_fisica,6,6686.7825,"ARGAÑARAZ OLIVERO RAFAEL,GANAM MAURELL CARLOS ENRIQUE,SCARR COLIN IAIN"
ARREDONDO RUBEN DARIO,ARREDONDO RUBEN DARIO,persona_fisica,6,123.2913,ARREDONDO RUBEN DARIO
"BARR NICOLAS ANDRES,GANAM MAURELL CARLOS ENRIQUE,VARELA JACINTO OSCAR","BARR NICOLAS ANDRES,GANAM MAURELL CARLOS ENRIQUE,VARELA JACINTO OSCAR",persona_fisica,6,8086.1805,"BARR NICOLAS ANDRES,GANAM MAURELL CARLOS ENRIQUE,VARELA JACINTO OSCAR"
"BARRIONUEVO GLADIS LIDIA,MOBIUS CHRISTIAN,VIVAT CRESCAT FLOREAT UG,WOLF JERONIMO","BARRIONUEVO GLADIS LIDIA,MOBIUS CHRISTIAN,VIVAT CRESCAT FLOREAT UG,WOLF JERONIMO",persona_fisica,6,20378.1024,"BARRIONUEVO GLADIS LIDIA,MOBIUS CHRISTIAN,VIVAT CRESCAT FLOREAT UG,WOLF JERONIMO"
"BAVIO MIGUEL ALEJANDRO,FROMM CARLOS EDUARDO,NIOI CLEMENT FACUNDO","BAVIO MIGUEL ALEJANDRO,FROMM CARLOS EDUARDO,NIOI CLEMENT FACUNDO",persona_fisica,6,1216.6872,"BAVIO MIGUEL ALEJANDRO,FROMM CARLOS EDUARDO,NIOI CLEMENT FACUNDO"
BOHUID SOFIA ISABEL,BOHUID SOFIA ISABEL,persona_fisica,6,2159.3658,BOHUID SOFIA ISABEL
BONIFACIO MARCOS ANTONIO,BONIFACIO MARCOS ANTONIO,persona_fisica,6,120.1977,BONIFACIO MARCOS ANTONIO
"CANIZARES CLAUDIA BIBIANA,RODRIGUEZ GUSTAVO ELIAS,ZIGARAN FLORENCIA","CANIZARES CLAUDIA BIBIANA,RODRIGUEZ GUSTAVO ELIAS,ZIGARAN FLORENCIA",persona_fisica,6,71.22630000000001,"CAÑIZARES CLAUDIA BIBIANA,RODRIGUEZ GUSTAVO ELIAS,ZIGARAN FLORENCIA"
CHUCA MARQUEZ TITO EFRAIN,CHUCA MARQUEZ TITO EFRAIN,persona_fisica,6,65.5284,CHUCA MARQUEZ TITO EFRAIN
CORNEJO DIEZ ADOLFO,CORNEJO DIEZ ADOLFO,persona_fisica,6,2090.8098,CORNEJO DIEZ ADOLFO
CORNEJO ULADISLAO,CORNEJO ULADISLAO,persona_fisica,6,21000.0,CORNEJO ULADISLAO
CORNU DANIEL GABRIEL,CORNU DANIEL GABRIEL,persona_fisica,6,138.7557,CORNU DANIEL GABRIEL
CORNU ROBERTO RAFAEL,CORNU ROBERTO RAFAEL,persona_fisica,6,94.4112,CORNU ROBERTO RAFAEL
CUPARI SUYO SEBASTIAN,CUPARI SUYO SEBASTIAN,persona_fisica,6,53.498999999999995,CUPARI SUYO SEBASTIAN
"DAMIANI CABANILLAS EZEQUIEL,FABIAN SILVIO DOMINGO,FABIAN SORIANO LUIS FERNANDO","DAMIANI CABANILLAS EZEQUIEL,FABIAN SILVIO DOMINGO,FABIAN SORIANO LUIS FERNANDO",persona_fisica,6,175.72199999999998,"DAMIANI CABANILLAS EZEQUIEL,FABIAN SILVIO DOMINGO,FABIAN SORIANO LUIS FERNANDO"
DAY RICARDO,DAY RICARDO,persona_fisica,6,46.674,DAY RICARDO
DIEGO RUBEN OMAR,DIEGO RUBEN OMAR,persona_fisica,6,9000.3012,DIEGO RUBEN OMAR
EQUIZE JUAN,EQUIZE JUAN,persona_fisica,6,114.8898,EQUIZE JUAN
FARFAN MARGARITA YOLANDA,FARFAN MARGARITA YOLANDA,persona_fisica,6,2159.3658,FARFAN MARGARITA YOLANDA
GAIDUK ANDREI,GAIDUK ANDREI,persona_fisica,6,6583.6758,GAIDUK ANDREI
GARCIA MARIA ESTER,GARCIA MARIA ESTER,persona_fisica,6,143.4036,GARCIA MARIA ESTER
GOMEZ ARIAS IGNACIO FABIAN,GOMEZ ARIAS IGNACIO FABIAN,persona_fisica,6,99.177,GOMEZ ARIAS IGNACIO FABIAN
GUAIMAS JORGE NICOLAS,GUAIMAS JORGE NICOLAS,persona_fisica,6,85.6836,GUAIMAS JORGE NICOLAS
GUERRA RODRIGO GONZALO,GUERRA RODRIGO GONZALO,persona_fisica,6,9391.343400000002,GUERRA RODRIGO GONZALO
GUSTAVO CESAR ANTONIO ASTUDILLO ROSA,GUSTAVO CESAR ANTONIO ASTUDILLO ROSA,persona_fisica,6,80.2995,GUSTAVO CESAR ANTONIO ASTUDILLO ROSA
GUZMAN RAUL ARTURO,GUZMAN RAUL ARTURO,persona_fisica,6,114.9453,GUZMAN RAUL ARTURO
IGLESIAS LUCAS PEDRO,IGLESIAS LUCAS PEDRO,persona_fisica,6,76.61609999999999,IGLESIAS LUCAS PEDRO
"INSAURRALDE HUMBERTO ALEJANDRO,MORALES GONZALO AGUSTIN","INSAURRALDE HUMBERTO ALEJANDRO,MORALES GONZALO AGUSTIN",persona_fisica,6,7968.931799999999,"INSAURRALDE HUMBERTO ALEJANDRO,MORALES GONZALO AGUSTIN"
JAVIER DOMINGO CHICA SALINAS,JAVIER DOMINGO CHICA SALINAS,persona_fisica,6,9.9618,JAVIER DOMINGO CHICA SALINAS
LAGOS CLAUDIO ANTONIO,LAGOS CLAUDIO ANTONIO,persona_fisica,6,2296.9128,LAGOS CLAUDIO ANTONIO
LATINI GABRIEL EDUARDO,LATINI GABRIEL EDUARDO,persona_fisica,6,264.387,LATINI GABRIEL EDUARDO
LOPEZ CARLOS OMAR,LOPEZ CARLOS OMAR,persona_fisica,6,23.7026,LOPEZ CARLOS OMAR
LOPEZ HEBERT DANTE FERMIN,LOPEZ HEBERT DANTE FERMIN,persona_fisica,6,11.246400000000001,LOPEZ HEBERT DANTE FERMIN
"LOPEZ LUCIANA ANDREA,QUIROGA MIRTA AMALIA","LOPEZ LUCIANA ANDREA,QUIROGA MIRTA AMALIA",persona_fisica,6,12109.9263,"LOPEZ LUCIANA ANDREA,QUIROGA MIRTA AMALIA"
MAITA SANDRA SUSANA,MAITA SANDRA SUSANA,persona_fisica,6,56.6169,MAITA SANDRA SUSANA
MARTIN ESTEBAN RODOLFO,MARTIN ESTEBAN RODOLFO,persona_fisica,6,1551.7269000000001,MARTIN ESTEBAN RODOLFO
MARTINEZ CARLOS ARMANDO,MARTINEZ CARLOS ARMANDO,persona_fisica,6,29.044800000000002,MARTINEZ CARLOS ARMANDO
MARTINEZ EDUARDO PATRICIO,MARTINEZ EDUARDO PATRICIO,persona_fisica,6,450.1386,MARTINEZ EDUARDO PATRICIO
MEDINA HECTOR ENRIQUE,MEDINA HECTOR ENRIQUE,persona_fisica,6,60.0006,MEDINA HECTOR ENRIQUE
"MORALES JUAN,MORALES RICARDO","MORALES JUAN,MORALES RICARDO",persona_fisica,6,130.1556,"MORALES JUAN,MORALES RICARDO"
"MORENO JORGE ENRIQUE,SALAS ALBA SILVIA","MORENO JORGE ENRIQUE,SALAS ALBA SILVIA",persona_fisica,6,4827.5013,"MORENO JORGE ENRIQUE,SALAS ALBA SILVIA"
NOVOA NORMA INES,NOVOA NORMA INES,persona_fisica,6,19.5318,NOVOA NORMA INES
NUNEZ FEDERICO RAMON,NUNEZ FEDERICO RAMON,persona_fisica,6,54.1434,NUÑEZ FEDERICO RAMON
PAITA ABRAHAM JUAN,PAITA ABRAHAM JUAN,persona_fisica,6,28.2561,PAITA ABRAHAM JUAN
PANARISI JOSE ANDRES,PANARISI JOSE ANDRES,persona_fisica,6,76.3914,PANARISI JOSE ANDRES
PASTRANA MARIA DE LOS ANGELES,PASTRANA MARIA DE LOS ANGELES,persona_fisica,6,68.9988,PASTRANA MARIA DE LOS ANGELES
"PERAL FERNANDO MIGUEL,RODRIGUEZ SILVIA RENE","PERAL FERNANDO MIGUEL,RODRIGUEZ SILVIA RENE",persona_fisica,6,3601.9296000000004,"PERAL FERNANDO MIGUEL,RODRIGUEZ SILVIA RENE"
PEREZ KRALIK FERNANDO DANIEL,PEREZ KRALIK FERNANDO DANIEL,persona_fisica,6,32.8836,PEREZ KRALIK FERNANDO DANIEL
PILCO LEAL NATALIA ALEJANDRA,PILCO LEAL NATALIA ALEJANDRA,persona_fisica,6,2852.4423,PILCO LEAL NATALIA ALEJANDRA
PINTO ROCIO GRACIELA,PINTO ROCIO GRACIELA,persona_fisica,6,6114.084,PINTO ROCIO GRACIELA
QUIROZ RENE,QUIROZ RENE,persona_fisica,6,5412.1437000000005,QUIROZ RENE
QUIROZ RENE OSVALDO,QUIROZ RENE OSVALDO,persona_fisica,6,216.40619999999998,QUIROZ RENE OSVALDO
RABUFETTI JUAN CARLOS,RABUFETTI JUAN CARLOS,persona_fisica,6,137.766,RABUFETTI JUAN CARLOS
RACEDO ROBERTO JUAN,RACEDO ROBERTO JUAN,persona_fisica,6,60.4584,RACEDO ROBERTO JUAN
RIOS OLGA TERESA,RIOS OLGA TERESA,persona_fisica,6,82.7937,RIOS OLGA TERESA
RUBINETTI EDGAR RENE,RUBINETTI EDGAR RENE,persona_fisica,6,705.4947000000001,RUBINETTI EDGAR RENE
RUIZ NANCY ELIZABET DEL VALLE,RUIZ NANCY ELIZABET DEL VALLE,persona_fisica,6,205.25939999999997,RUIZ NANCY ELIZABET DEL VALLE
SANTOS LAURA DANIELA,SANTOS LAURA DANIELA,persona_fisica,6,82.473,SANTOS LAURA DANIELA
SARAVIA NAVAMUEL HECTOR,SARAVIA NAVAMUEL HECTOR,persona_fisica,6,13291.8242,SARAVIA NAVAMUEL HECTOR
SORIA FLORENCIA LILA,SORIA FLORENCIA LILA,persona_fisica,6,2159.3658,SORIA FLORENCIA LILA
STRELLA JUAN ANGEL,STRELLA JUAN ANGEL,persona_fisica,6,26.641799999999996,STRELLA JUAN ANGEL
VACAREZZA JUAN ESTEBAN ROBUSTIANO,VACAREZZA JUAN ESTEBAN ROBUSTIANO,persona_fisica,6,79.0845,VACAREZZA JUAN ESTEBAN ROBUSTIANO
VALDEZ RENE ELADIO,VALDEZ RENE ELADIO,persona_fisica,6,62.680800000000005,VALDEZ RENE ELADIO
VERA CRISTINA ANALIA,VERA CRISTINA ANALIA,persona_fisica,6,113.5761,VERA CRISTINA ANALIA
VILLA MARGARITA DEL MILAGRO,VILLA MARGARITA DEL MILAGRO,persona_fisica,6,148.9845,VILLA MARGARITA DEL MILAGRO
VIRGILI SAN MILLAN SEBASTIAN,VIRGILI SAN MILLAN SEBASTIAN,persona_fisica,6,7528.0575,VIRGILI SAN MILLAN SEBASTIAN
WAGENER CASPAR,WAGENER CASPAR,persona_fisica,6,57.689099999999996,WAGENER CASPAR
YAPURA VICTOR ARIEL FERNANDO,YAPURA VICTOR ARIEL FERNANDO,persona_fisica,6,98.6962,YAPURA VICTOR ARIEL FERNANDO
YDIARTE ELEUDORO,YDIARTE ELEUDORO,persona_fisica,6,29.151600000000002,YDIARTE ELEUDORO
ZAMBRANA ISMAEL,ZAMBRANA ISMAEL,persona_fisica,6,61.2162,ZAMBRANA ISMAEL
"ALANI HECTOR HORACIO,BONIFACIO ALCIDES OSVALDO","ALANI HECTOR HORACIO,BONIFACIO ALCIDES OSVALDO",persona_fisica,5,10534.619,"ALANI HECTOR HORACIO,BONIFACIO ALCIDES OSVALDO"
ARAUJO ADRIAN NICOLAS,ARAUJO ADRIAN NICOLAS,persona_fisica,5,3546.3291,ARAUJO ADRIAN NICOLAS
"ARAUJO ADRIAN NICOLAS,ARAUJO PABLO DANIEL,NEGRIZ GANDOLA ANA ISABEL","ARAUJO ADRIAN NICOLAS,ARAUJO PABLO DANIEL,NEGRIZ GANDOLA ANA ISABEL",persona_fisica,5,2125.1868,"ARAUJO ADRIAN NICOLAS,ARAUJO PABLO DANIEL,NEGRIZ GANDOLA ANA ISABEL"
"DAGUN JULIO MIGUEL,GOMEZ NICOLAS FERNANDO","DAGUN JULIO MIGUEL,GOMEZ NICOLAS FERNANDO",persona_fisica,5,3247.7253,"DAGUN JULIO MIGUEL,GOMEZ NICOLAS FERNANDO"
GANAM CAMPOS JOSE ENRIQUE BENJAMIN,GANAM CAMPOS JOSE ENRIQUE BENJAMIN,persona_fisica,5,3636.513,GANAM CAMPOS JOSE ENRIQUE BENJAMIN
LOPEZ CARLOS FRANCISCO,LOPEZ CARLOS FRANCISCO,persona_fisica,5,37.0263,LOPEZ CARLOS FRANCISCO
MINUZZI CHUMBITA JOSE ENRIQUE NICOLAS,MINUZZI CHUMBITA JOSE ENRIQUE NICOLAS,persona_fisica,5,15168.2676,MINUZZI CHUMBITA JOSE ENRIQUE NICOLAS
PARODI MORANDY FERNANDO JAVIER,PARODI MORANDY FERNANDO JAVIER,persona_fisica,5,7171.0304,PARODI MORANDY FERNANDO JAVIER
VARELA JACINTO OSCAR,VARELA JACINTO OSCAR,persona_fisica,5,1801.9042,VARELA JACINTO OSCAR
ACHAVAL FACUNDO JOSE,ACHAVAL FACUNDO JOSE,persona_fisica,4,3136.9746999999998,ACHAVAL FACUNDO JOSE
ARAOZ FRANCISCO,ARAOZ FRANCISCO,persona_fisica,4,6392.1355,ARAOZ FRANCISCO
"ARAUJO CAMILA MARIANA,ARECHAVALA VIOLA MARIA EUGENIA","ARAUJO CAMILA MARIANA,ARECHAVALA VIOLA MARIA EUGENIA",persona_fisica,4,3395.1431000000002,"ARAUJO CAMILA MARIANA,ARECHAVALA VIOLA MARIA EUGENIA"
"ARAUJO JUAN CARLOS,CANIZARES MARIO AGUSTIN,LOPEZ LUCIANA ANDREA","ARAUJO JUAN CARLOS,CANIZARES MARIO AGUSTIN,LOPEZ LUCIANA ANDREA",persona_fisica,4,2377.8461,"ARAUJO JUAN CARLOS,CAÑIZARES MARIO AGUSTIN,LOPEZ LUCIANA ANDREA"
BARREIRO PENALBA MARIA FERNANDA,BARREIRO PENALBA MARIA FERNANDA,persona_fisica,4,3136.9746999999998,BARREIRO PEÑALBA MARIA FERNANDA
"BRANDAN MARTINEZ AGUSTIN,GALVEZ JUAN PABLO","BRANDAN MARTINEZ AGUSTIN,GALVEZ JUAN PABLO",persona_fisica,4,4134.9429,"BRANDAN MARTINEZ AGUSTIN,GALVEZ JUAN PABLO"
"CANIZARES ANA GABRIELA,NEGRIZ GANDOLA ANA ISABEL,QUIROGA MIRTA AMALIA","CANIZARES ANA GABRIELA,NEGRIZ GANDOLA ANA ISABEL,QUIROGA MIRTA AMALIA",persona_fisica,4,2377.8461,"CAÑIZARES ANA GABRIELA,NEGRIZ GANDOLA ANA ISABEL,QUIROGA MIRTA AMALIA"
"CANIZARES ANA GABRIELA,ORELLANA OSCAR JUAN","CANIZARES ANA GABRIELA,ORELLANA OSCAR JUAN",persona_fisica,4,3137.005,"CAÑIZARES ANA GABRIELA,ORELLANA OSCAR JUAN"
"CANIZARES MARIO ALBERTO,NEGRIZ GANDOLA ANA ISABEL","CANIZARES MARIO ALBERTO,NEGRIZ GANDOLA ANA ISABEL",persona_fisica,4,3137.005,"CAÑIZARES MARIO ALBERTO,NEGRIZ GANDOLA ANA ISABEL"
D ANDREA CORNEJO DIEGO,D ANDREA CORNEJO DIEGO,persona_fisica,4,7033.8661999999995,D'ANDREA CORNEJO DIEGO
"DIEGO FEDERICO OMAR,RUBEN OMAR DIEGO","DIEGO FEDERICO OMAR,RUBEN OMAR DIEGO",persona_fisica,4,12886.4784,"DIEGO FEDERICO OMAR,RUBEN OMAR DIEGO"
DIEZ HELGUERA JOSE ANTONIO,DIEZ HELGUERA JOSE ANTONIO,persona_fisica,4,3136.9746999999998,DIEZ HELGUERA JOSE ANTONIO
DIEZ ZAVALETA JOSE ANTONIO,DIEZ ZAVALETA JOSE ANTONIO,persona_fisica,4,3136.9746999999998,DIEZ ZAVALETA JOSE ANTONIO
FERNANDEZ CORNEJO GUSTAVO,FERNANDEZ CORNEJO GUSTAVO,persona_fisica,4,3136.9746999999998,FERNANDEZ CORNEJO GUSTAVO
FIGUEROA PATRON VICTOR,FIGUEROA PATRON VICTOR,persona_fisica,4,2670.255,FIGUEROA PATRON VICTOR
GUTIERREZ JUAN CARLOS,GUTIERREZ JUAN CARLOS,persona_fisica,4,3136.8662,GUTIERREZ JUAN CARLOS
ISSA MARTINEZ MICAELA,ISSA MARTINEZ MICAELA,persona_fisica,4,3136.9746999999998,ISSA MARTINEZ MICAELA
LEDESMA SANTIAGO NICOLAS,LEDESMA SANTIAGO NICOLAS,persona_fisica,4,3136.9746999999998,LEDESMA SANTIAGO NICOLAS
"LEMOS ENRIQUE RAUL,PRESTA JOSE LUIS","LEMOS ENRIQUE RAUL,PRESTA JOSE LUIS",persona_fisica,4,13972.9512,"LEMOS ENRIQUE RAUL,PRESTA JOSE LUIS"
"LOPEZ BELEN ALDANA,LOPEZ SERGIO RAMON","LOPEZ BELEN ALDANA,LOPEZ SERGIO RAMON",persona_fisica,4,11126.478200000001,"LOPEZ BELEN ALDANA,LOPEZ SERGIO RAMON"
LOPEZ MIRAU GASTON,LOPEZ MIRAU GASTON,persona_fisica,4,3136.9746999999998,LOPEZ MIRAU GASTON
OLIVA GUSTAVO WALTER,OLIVA GUSTAVO WALTER,persona_fisica,4,10.0,OLIVA GUSTAVO WALTER
OLIVER PERALTA LUCRECIA,OLIVER PERALTA LUCRECIA,persona_fisica,4,3136.9746999999998,OLIVER PERALTA LUCRECIA
PFISTER OLIVER CAMILA,PFISTER OLIVER CAMILA,persona_fisica,4,3136.9746999999998,PFISTER OLIVER CAMILA
PFISTER PETERSEN JUAN,PFISTER PETERSEN JUAN,persona_fisica,4,3136.9746999999998,PFISTER PETERSEN JUAN
PULO RAUCH FACUNDO,PULO RAUCH FACUNDO,persona_fisica,4,7544.2415,PULO RAUCH FACUNDO
RUIZ DE LOS LLANOS ALEJANDRO,RUIZ DE LOS LLANOS ALEJANDRO,persona_fisica,4,3136.9746999999998,RUIZ DE LOS LLANOS ALEJANDRO
RUIZ MORENO GUADALUPE,RUIZ MORENO GUADALUPE,persona_fisica,4,3136.9746999999998,RUIZ MORENO GUADALUPE
SONZINI ASTUDILLO URBANO AGUSTIN,SONZINI ASTUDILLO URBANO AGUSTIN,persona_fisica,4,3136.9746999999998,SONZINI ASTUDILLO URBANO AGUSTIN
SPINOZZI DAVID,SPINOZZI DAVID,persona_fisica,4,3137.005,SPINOZZI DAVID
TESEIRA MATEO ALVARO JULIAN,TESEIRA MATEO ALVARO JULIAN,persona_fisica,4,51.6505,TESEIRA MATEO ALVARO JULIAN
UTRERA MARIA DEL PILAR,UTRERA MARIA DEL PILAR,persona_fisica,4,3136.9746999999998,UTRERA MARIA DEL PILAR
VEGA JUAN ESTEBAN,VEGA JUAN ESTEBAN,persona_fisica,4,2607.4239,VEGA JUAN ESTEBAN
ADET FIGUEROA MATIAS SEBASTIAN,ADET FIGUEROA MATIAS SEBASTIAN,persona_fisica,3,4547.8341,ADET FIGUEROA MATIAS SEBASTIAN
AGUILAR ANTONELLA,AGUILAR ANTONELLA,persona_fisica,3,1577.7267000000002,AGUILAR ANTONELLA
AGUILAR DE GUAIMAS MABEL ALICIA,AGUILAR DE GUAIMAS MABEL ALICIA,persona_fisica,3,29.988300000000002,AGUILAR DE GUAIMAS MABEL ALICIA
"AGUILAR JOSE ARMANDO,AGUILAR SERGIO IGNACIO","AGUILAR JOSE ARMANDO,AGUILAR SERGIO IGNACIO",persona_fisica,3,8162.751,"AGUILAR JOSE ARMANDO,AGUILAR SERGIO IGNACIO"
AGUILAR LUIS DIEGO,AGUILAR LUIS DIEGO,persona_fisica,3,55.4919,AGUILAR LUIS DIEGO
ALABI FERNANDO DANIEL,ALABI FERNANDO DANIEL,persona_fisica,3,115.34429999999999,ALABI FERNANDO DANIEL
"ALANI HECTOR HORACIO,INSAURRALDE HUMBERTO ALEJANDRO","ALANI HECTOR HORACIO,INSAURRALDE HUMBERTO ALEJANDRO",persona_fisica,3,4006.2867000000006,"ALANI HECTOR HORACIO,INSAURRALDE HUMBERTO ALEJANDRO"
"ALANI HECTOR HORACIO,MORALES GONZALO AGUSTIN","ALANI HECTOR HORACIO,MORALES GONZALO AGUSTIN",persona_fisica,3,2585.4474,"ALANI HECTOR HORACIO,MORALES GONZALO AGUSTIN"
"ALANI HECTOR HORACIO,OHACO JORGE ALBERTO","ALANI HECTOR HORACIO,OHACO JORGE ALBERTO",persona_fisica,3,5737.1595,"ALANI HECTOR HORACIO,OHACO JORGE ALBERTO"
ALBARRACIN KETICOGLU JUAN GUILLERMO,ALBARRACIN KETICOGLU JUAN GUILLERMO,persona_fisica,3,36.882000000000005,ALBARRACIN KETICOGLU JUAN GUILLERMO
ALVAREZ MIGUEL ANGEL,ALVAREZ MIGUEL ANGEL,persona_fisica,3,30.481500000000004,ALVAREZ MIGUEL ANGEL
APARICIO LUIS,APARICIO LUIS,persona_fisica,3,0.6312,APARICIO LUIS
ARAOZ ISABEL,ARAOZ ISABEL,persona_fisica,3,3744.2304000000004,ARAOZ ISABEL
"ARAUJO ADRIAN NICOLAS,ARAUJO JUAN CARLOS,ARAUJO PABLO DANIEL,CANIZARES MARIO ALBERTO,NEGRIZ GANDOLA ANA ISABEL","ARAUJO ADRIAN NICOLAS,ARAUJO JUAN CARLOS,ARAUJO PABLO DANIEL,CANIZARES MARIO ALBERTO,NEGRIZ GANDOLA ANA ISABEL",persona_fisica,3,14517.099299999998,"ARAUJO ADRIAN NICOLAS,ARAUJO JUAN CARLOS,ARAUJO PABLO DANIEL,CAÑIZARES MARIO ALBERTO,NEGRIZ GANDOLA ANA ISABEL"
"ARAUJO ADRIAN NICOLAS,ARAUJO PABLO DANIEL,CANIZARES MARIO ALBERTO,NEGRIZ GANDOLA ANA ISABEL","ARAUJO ADRIAN NICOLAS,ARAUJO PABLO DANIEL,CANIZARES MARIO ALBERTO,NEGRIZ GANDOLA ANA ISABEL",persona_fisica,3,1617.8943,"ARAUJO ADRIAN NICOLAS,ARAUJO PABLO DANIEL,CAÑIZARES MARIO ALBERTO,NEGRIZ GANDOLA ANA ISABEL"
"ARAUJO ADRIAN NICOLAS,LAGOS CLAUDIO ANTONIO,LAGOS PEDRO CRISPIN,NEGRIZ GANDOLA ANA ISABEL","ARAUJO ADRIAN NICOLAS,LAGOS CLAUDIO ANTONIO,LAGOS PEDRO CRISPIN,NEGRIZ GANDOLA ANA ISABEL",persona_fisica,3,6910.8843,"ARAUJO ADRIAN NICOLAS,LAGOS CLAUDIO ANTONIO,LAGOS PEDRO CRISPIN,NEGRIZ GANDOLA ANA ISABEL"
"ARAUJO JUAN CARLOS,NEGRIZ GANDOLA ANA ISABEL","ARAUJO JUAN CARLOS,NEGRIZ GANDOLA ANA ISABEL",persona_fisica,3,1613.5845,"ARAUJO JUAN CARLOS,NEGRIZ GANDOLA ANA ISABEL"
"ARAUJO PABLO DANIEL,CANIZARES MARIO ALBERTO,QUIROGA ZULEMA ANTONIA","ARAUJO PABLO DANIEL,CANIZARES MARIO ALBERTO,QUIROGA ZULEMA ANTONIA",persona_fisica,3,51.123000000000005,"ARAUJO PABLO DANIEL,CAÑIZARES MARIO ALBERTO,QUIROGA ZULEMA ANTONIA"
ARECHAVALA VIOLA MARIA EUGENIA,ARECHAVALA VIOLA MARIA EUGENIA,persona_fisica,3,5762.6769,ARECHAVALA VIOLA MARIA EUGENIA
ARENAS ALEXIS ADRIEL,ARENAS ALEXIS ADRIEL,persona_fisica,3,2398.4676,ARENAS ALEXIS ADRIEL
"ARGANARAZ OLIVERO RAFAEL,MONCHOLI PABLO","ARGANARAZ OLIVERO RAFAEL,MONCHOLI PABLO",persona_fisica,3,4494.4374,"ARGAÑARAZ OLIVERO RAFAEL,MONCHOLI PABLO"
ARROYO GUILLERMO,ARROYO GUILLERMO,persona_fisica,3,3744.2304000000004,ARROYO GUILLERMO
"BANDI ALBERTO,VITTORI RAUL EDUARDO","BANDI ALBERTO,VITTORI RAUL EDUARDO",persona_fisica,3,4138.1259,"VITTORI RAUL EDUARDO,BANDI ALBERTO"
BARRANCO RAMON SATURNINO,BARRANCO RAMON SATURNINO,persona_fisica,3,11.806799999999999,BARRANCO RAMON SATURNINO
BARRIOS ANA GISEL,BARRIOS ANA GISEL,persona_fisica,3,41.829299999999996,BARRIOS ANA GISEL
"BAVIO MIGUEL ALEJANDRO,NIOI CLEMENT MILAGROS","BAVIO MIGUEL ALEJANDRO,NIOI CLEMENT MILAGROS",persona_fisica,3,1764.4742999999999,"BAVIO MIGUEL ALEJANDRO,NIOI CLEMENT MILAGROS"
BEJARANO JUAN CARLOS,BEJARANO JUAN CARLOS,persona_fisica,3,2340.9339,BEJARANO JUAN CARLOS
BELLINI EDGARDO CARLOS,BELLINI EDGARDO CARLOS,persona_fisica,3,144.0357,BELLINI EDGARDO CARLOS
BOCANERA JORGE IGNACIO,BOCANERA JORGE IGNACIO,persona_fisica,3,4500.0,BOCANERA JORGE IGNACIO
BONIFACIO DALMIRO ERNESTO,BONIFACIO DALMIRO ERNESTO,persona_fisica,3,60.3165,BONIFACIO DALMIRO ERNESTO
BRUNO MIGUEL DARIO,BRUNO MIGUEL DARIO,persona_fisica,3,4.74,BRUNO MIGUEL DARIO
BULACIO HUGO RENE,BULACIO HUGO RENE,persona_fisica,3,29.013299999999997,BULACIO HUGO RENE
BURGDWART JOSE DE CHEDIAK,BURGDWART JOSE DE CHEDIAK,persona_fisica,3,148.3098,BURGDWART JOSE DE CHEDIAK
CAMPERO MARIO ERNESTO,CAMPERO MARIO ERNESTO,persona_fisica,3,100.5669,CAMPERO MARIO ERNESTO
CAMPOS CARLOS ALBERTO,CAMPOS CARLOS ALBERTO,persona_fisica,3,119.99789999999999,CAMPOS CARLOS ALBERTO
CAMPOS OSCAR ALBERTO,CAMPOS OSCAR ALBERTO,persona_fisica,3,29.109900000000003,CAMPOS OSCAR ALBERTO
CANE AGUSTIN,CANE AGUSTIN,persona_fisica,3,3744.2304000000004,CANE AGUSTIN
"CANIZARES ANA GABRIELA,QUIROGA ZULEMA ANTONIA","CANIZARES ANA GABRIELA,QUIROGA ZULEMA ANTONIA",persona_fisica,3,5762.6769,"CAÑIZARES ANA GABRIELA,QUIROGA ZULEMA ANTONIA"
"CANIZARES ANA GABRIELA,ZIGARAN GUSTAVO RAMON","CANIZARES ANA GABRIELA,ZIGARAN GUSTAVO RAMON",persona_fisica,3,1613.5785,"CAÑIZARES ANA GABRIELA,ZIGARAN GUSTAVO RAMON"
"CANIZARES CLAUDIA BIBIANA,CANIZARES MARIO AGUSTIN","CANIZARES CLAUDIA BIBIANA,CANIZARES MARIO AGUSTIN",persona_fisica,3,1613.5785,"CAÑIZARES CLAUDIA BIBIANA,CAÑIZARES MARIO AGUSTIN"
"CANIZARES CLAUDIA BIBIANA,CANIZARES MARIO ALBERTO","CANIZARES CLAUDIA BIBIANA,CANIZARES MARIO ALBERTO",persona_fisica,3,4499.8668,"CAÑIZARES CLAUDIA BIBIANA,CAÑIZARES MARIO ALBERTO"
"CANIZARES MARIO ALBERTO,RODRIGUEZ GUSTAVO ELIAS","CANIZARES MARIO ALBERTO,RODRIGUEZ GUSTAVO ELIAS",persona_fisica,3,5762.6769,"CAÑIZARES MARIO ALBERTO,RODRIGUEZ GUSTAVO ELIAS"
"CANIZARES MARIO ALBERTO,ZIGARAN FLORENCIA","CANIZARES MARIO ALBERTO,ZIGARAN FLORENCIA",persona_fisica,3,1613.5785,"CAÑIZARES MARIO ALBERTO,ZIGARAN FLORENCIA"
"CANO GANDOLA DAIANA MARIA SELVA,LOPEZ LUCIANA ANDREA,RABAGO NICOLAS ALFREDO,ZIGARAN GUSTAVO RAMON","CANO GANDOLA DAIANA MARIA SELVA,LOPEZ LUCIANA ANDREA,RABAGO NICOLAS ALFREDO,ZIGARAN GUSTAVO RAMON",persona_fisica,3,10500.0,"CANO GANDOLA DAIANA MARIA SELVA,LOPEZ LUCIANA ANDREA,RABAGO NICOLAS ALFREDO,ZIGARAN GUSTAVO RAMON"
CANO GANDOLA GERARDO CARLOS RAMON,CANO GANDOLA GERARDO CARLOS RAMON,persona_fisica,3,5762.6769,CANO GANDOLA GERARDO CARLOS RAMON
CANTERO RUBEN CIRILO,CANTERO RUBEN CIRILO,persona_fisica,3,24.3771,CANTERO RUBEN CIRILO
CARLOS ALBERTO REPETTO,CARLOS ALBERTO REPETTO,persona_fisica,3,163.6092,CARLOS ALBERTO REPETTO
CARRANQUE JORGE DANIEL,CARRANQUE JORGE DANIEL,persona_fisica,3,38.4537,CARRANQUE JORGE DANIEL
CARTRON MARCOS ATILIO,CARTRON MARCOS ATILIO,persona_fisica,3,1613.5785,CARTRON MARCOS ATILIO
CASAS ALBERTO,CASAS ALBERTO,persona_fisica,3,6.0057,CASAS ALBERTO
"CASINI MARCELA INES,CASTANEDA NORDMANN RODRIGO","CASINI MARCELA INES,CASTANEDA NORDMANN RODRIGO",persona_fisica,3,753.4185,"CASINI MARCELA INES,CASTAÑEDA NORDMANN RODRIGO"
"CASTANEDA NORDMANN GONZALO,DE LA HOZ GONZALO MAURO","CASTANEDA NORDMANN GONZALO,DE LA HOZ GONZALO MAURO",persona_fisica,3,3300.0,"CASTAÑEDA NORDMANN GONZALO,DE LA HOZ GONZALO MAURO"
"CASTANEDA NORDMANN RODRIGO,CUNEO CARLOS HERNAN","CASTANEDA NORDMANN RODRIGO,CUNEO CARLOS HERNAN",persona_fisica,3,2605.5024000000003,"CASTAÑEDA NORDMANN RODRIGO,CUNEO CARLOS HERNAN"
"CASTANEDA NORDMANN RODRIGO,TITO SEBASTIAN FRANCO","CASTANEDA NORDMANN RODRIGO,TITO SEBASTIAN FRANCO",persona_fisica,3,980.7852,"CASTAÑEDA NORDMANN RODRIGO,TITO SEBASTIAN FRANCO"
CASTELANO EDUARDO MIGUEL,CASTELANO EDUARDO MIGUEL,persona_fisica,3,3271.6161,CASTELANO EDUARDO MIGUEL
CASTILLO HUGO HECTOR,CASTILLO HUGO HECTOR,persona_fisica,3,71.4978,CASTILLO HUGO HECTOR
CASTILLO ROBERTO JULIO,CASTILLO ROBERTO JULIO,persona_fisica,3,29.7213,CASTILLO ROBERTO JULIO
CATALDI MAGDALENA,CATALDI MAGDALENA,persona_fisica,3,3744.2304000000004,CATALDI MAGDALENA
CHANCHORRA RICARDO,CHANCHORRA RICARDO,persona_fisica,3,29.9994,CHANCHORRA RICARDO
CHILIGUAY FACUNDO ROBERTO,CHILIGUAY FACUNDO ROBERTO,persona_fisica,3,95.007,CHILIGUAY FACUNDO ROBERTO
CHILIGUAY FERNANDO EXEQUIEL,CHILIGUAY FERNANDO EXEQUIEL,persona_fisica,3,1577.7267000000002,CHILIGUAY FERNANDO EXEQUIEL
CIFRE LUIS ARTURO,CIFRE LUIS ARTURO,persona_fisica,3,7.0803,CIFRE LUIS ARTURO
CIRILLO ANDREA,CIRILLO ANDREA,persona_fisica,3,4547.8341,CIRILLO ANDREA
CISNEROS GABRIELA BEATRIZ,CISNEROS GABRIELA BEATRIZ,persona_fisica,3,1577.7267000000002,CISNEROS GABRIELA BEATRIZ
COPA GABRIELA ALEJANDRA,COPA GABRIELA ALEJANDRA,persona_fisica,3,19.1709,COPA GABRIELA ALEJANDRA
CORNU FACUNDO ALEJANDRO,CORNU FACUNDO ALEJANDRO,persona_fisica,3,111.5856,CORNU FACUNDO ALEJANDRO
COZZI ELISA ADELA,COZZI ELISA ADELA,persona_fisica,3,26.7879,COZZI ELISA ADELA
CRUZ HIPOLITO GUMERCINDO,CRUZ HIPOLITO GUMERCINDO,persona_fisica,3,4500.0,CRUZ HIPOLITO GUMERCINDO
"CRUZ JOSE ROBERTO,CRUZ LEA ELIANA","CRUZ JOSE ROBERTO,CRUZ LEA ELIANA",persona_fisica,3,23.494500000000002,"CRUZ JOSE ROBERTO,CRUZ LEA ELIANA"
CRUZ MARCELO ENRIQUE,CRUZ MARCELO ENRIQUE,persona_fisica,3,19.1709,CRUZ MARCELO ENRIQUE
CRUZ MARIA RITA,CRUZ MARIA RITA,persona_fisica,3,19.1709,CRUZ MARIA RITA
CRUZ NICOLAS,CRUZ NICOLAS,persona_fisica,3,21.3441,CRUZ NICOLAS
CUNEO CARLOS HERNAN,CUNEO CARLOS HERNAN,persona_fisica,3,4773.9247,CUNEO CARLOS HERNAN
CUPARI RODAS SEBASTIAN ISMAEL,CUPARI RODAS SEBASTIAN ISMAEL,persona_fisica,3,30.0141,CUPARI RODAS SEBASTIAN ISMAEL
CURUTCHET FEDERICO GUILLERMO,CURUTCHET FEDERICO GUILLERMO,persona_fisica,3,4547.8341,CURUTCHET FEDERICO GUILLERMO
DAL BORGO CESAR DOMINGO,DAL BORGO CESAR DOMINGO,persona_fisica,3,31.634700000000002,DAL BORGO CESAR DOMINGO
DAROCA MAURICIO EMILIANO,DAROCA MAURICIO EMILIANO,persona_fisica,3,899.9991,DAROCA MAURICIO EMILIANO
DELGADO PATRICIA NOEMI,DELGADO PATRICIA NOEMI,persona_fisica,3,64.68029999999999,DELGADO PATRICIA NOEMI
DI GIORGIO OSVALDO,DI GIORGIO OSVALDO,persona_fisica,3,1500.0,DI GIORGIO OSVALDO
"DI TELLA SANTIAGO MARIA,PAUL GUSTAVO ERICO","DI TELLA SANTIAGO MARIA,PAUL GUSTAVO ERICO",persona_fisica,3,2.5347,"DI TELLA SANTIAGO MARIA,PAUL GUSTAVO ERICO"
DIAZ ISA JACINTO,DIAZ ISA JACINTO,persona_fisica,3,3500.9786999999997,DIAZ ISA JACINTO
DIAZ SERGIO RICARDO,DIAZ SERGIO RICARDO,persona_fisica,3,281.8479,DIAZ SERGIO RICARDO
"DIEGO FEDERICO OMAR,DIEGO RUBEN OMAR","DIEGO FEDERICO OMAR,DIEGO RUBEN OMAR",persona_fisica,3,7499.989500000001,"DIEGO FEDERICO OMAR,DIEGO RUBEN OMAR"
"DIEGO RUBEN OMAR,MARTINEZ KETICOGLU CAROLINA ELIZABETH","DIEGO RUBEN OMAR,MARTINEZ KETICOGLU CAROLINA ELIZABETH",persona_fisica,3,8987.6787,"DIEGO RUBEN OMAR,MARTINEZ KETICOGLU CAROLINA ELIZABETH"
DIP GUSTAVO ARIEL,DIP GUSTAVO ARIEL,persona_fisica,3,19.1709,DIP GUSTAVO ARIEL
"DOMINGUEZ SUSANA DEL CARMEN,EVELING CARLOS FRANCISCO,EVELING EMILIO JOSE,EVELING MARIA ANDREA","DOMINGUEZ SUSANA DEL CARMEN,EVELING CARLOS FRANCISCO,EVELING EMILIO JOSE,EVELING MARIA ANDREA",persona_fisica,3,3121.2212,"DOMINGUEZ SUSANA DEL CARMEN,EVELING CARLOS FRANCISCO,EVELING EMILIO JOSE,EVELING MARIA ANDREA"
ELEIT FERNANDO,ELEIT FERNANDO,persona_fisica,3,7421.683499999999,ELEIT FERNANDO
ESCALANTE ALBERTO,ESCALANTE ALBERTO,persona_fisica,3,18.8478,ESCALANTE ALBERTO
ESCALANTE CARLOS ROBERTO,ESCALANTE CARLOS ROBERTO,persona_fisica,3,35.623799999999996,ESCALANTE CARLOS ROBERTO
"ESPINOSA ALBA ANDREA,PONESSA MARCOS ANTONIO","ESPINOSA ALBA ANDREA,PONESSA MARCOS ANTONIO",persona_fisica,3,4366.484399999999,"ESPINOSA ALBA ANDREA,PONESSA MARCOS ANTONIO"
ESTEVE MANUEL IGNACIO,ESTEVE MANUEL IGNACIO,persona_fisica,3,134.3919,ESTEVE MANUEL IGNACIO
FAINGUERSCH MAXIMILIANO JACINTO,FAINGUERSCH MAXIMILIANO JACINTO,persona_fisica,3,5762.6769,FAINGUERSCH MAXIMILIANO JACINTO
FARAH MERCEDES INES,FARAH MERCEDES INES,persona_fisica,3,3744.2304000000004,FARAH MERCEDES INES
FELIX IGNACIO ROJAS,FELIX IGNACIO ROJAS,persona_fisica,3,581.6391000000001,FELIX IGNACIO ROJAS
FELIX MARQUEZ,FELIX MARQUEZ,persona_fisica,3,135.2622,FELIX MARQUEZ
FERNANDEZ ALFREDO JESUS,FERNANDEZ ALFREDO JESUS,persona_fisica,3,112.03200000000001,FERNANDEZ ALFREDO JESUS
"FLEMING PATRON COSTAS MARCELO,PATRON COSTAS MARIA JOSE","FLEMING PATRON COSTAS MARCELO,PATRON COSTAS MARIA JOSE",persona_fisica,3,10429.5831,"FLEMING PATRON COSTAS MARCELO,PATRON COSTAS MARIA JOSE"
"FLEMING PATRON COSTAS MARCELO,PULO RAUCH FACUNDO","FLEMING PATRON COSTAS MARCELO,PULO RAUCH FACUNDO",persona_fisica,3,10496.757599999999,"FLEMING PATRON COSTAS MARCELO,PULO RAUCH FACUNDO"
FORANI ESTEFANO,FORANI ESTEFANO,persona_fisica,3,300.0,FORANI ESTEFANO
FREZZE DURAND IGNACIO,FREZZE DURAND IGNACIO,persona_fisica,3,8999.990399999999,FREZZE DURAND IGNACIO
GALARZA MONICA ESTELA,GALARZA MONICA ESTELA,persona_fisica,3,6.6327,GALARZA MONICA ESTELA
GALLARDO JOSE RAMON,GALLARDO JOSE RAMON,persona_fisica,3,62.4405,GALLARDO JOSE RAMON
GARCIA RAMIRO JACINTO,GARCIA RAMIRO JACINTO,persona_fisica,3,162.52620000000002,GARCIA RAMIRO JACINTO
GASIUK ANDRES GERARDO,GASIUK ANDRES GERARDO,persona_fisica,3,61.0293,GASIUK ANDRES GERARDO
"GIMENO TEODORO GUILLERMO,HEREDIA TOMAS MANUEL","GIMENO TEODORO GUILLERMO,HEREDIA TOMAS MANUEL",persona_fisica,3,5762.6769,"GIMENO TEODORO GUILLERMO,HEREDIA TOMAS MANUEL"
GOMEZ MARTINEZ EMILIA,GOMEZ MARTINEZ EMILIA,persona_fisica,3,149.997,GOMEZ MARTINEZ EMILIA
"GOMEZ MARTINEZ EMILIANO HORACIO,SANCHEZ LOPEZ MARCELO","GOMEZ MARTINEZ EMILIANO HORACIO,SANCHEZ LOPEZ MARCELO",persona_fisica,3,2490.9576,"GOMEZ MARTINEZ EMILIANO HORACIO,SANCHEZ LOPEZ MARCELO"
GOMEZ NICOLAS FERNANDO,GOMEZ NICOLAS FERNANDO,persona_fisica,3,47.449799999999996,GOMEZ NICOLAS FERNANDO
GUAIMAS MARCO VALENTIN,GUAIMAS MARCO VALENTIN,persona_fisica,3,3744.2304000000004,GUAIMAS MARCO VALENTIN
GUAIMAS PABLO JOAQUIN,GUAIMAS PABLO JOAQUIN,persona_fisica,3,3744.2304000000004,GUAIMAS PABLO JOAQUIN
GUANCA LIDIA PETRONA,GUANCA LIDIA PETRONA,persona_fisica,3,19.1709,GUANCA LIDIA PETRONA
GUANTAY MIRTA PATRICIA,GUANTAY MIRTA PATRICIA,persona_fisica,3,32.5659,GUANTAY MIRTA PATRICIA
GUERRERO ALVARADO JOEL DIEGO,GUERRERO ALVARADO JOEL DIEGO,persona_fisica,3,4511.415,GUERRERO ALVARADO JOEL DIEGO
GUERRERO JUAN CARLOS,GUERRERO JUAN CARLOS,persona_fisica,3,4499.4615,GUERRERO JUAN CARLOS
GUERRERO RAMIRO JOSE,GUERRERO RAMIRO JOSE,persona_fisica,3,3744.2304000000004,GUERRERO RAMIRO JOSE
GUITIAN RICARDA SALOME,GUITIAN RICARDA SALOME,persona_fisica,3,193.5975,GUITIAN RICARDA SALOME
GUTIERREZ SERGIO JOSE BERNARDO,GUTIERREZ SERGIO JOSE BERNARDO,persona_fisica,3,2702.0888999999997,GUTIERREZ SERGIO JOSE BERNARDO
HEREDIA TOMAS MANUEL,HEREDIA TOMAS MANUEL,persona_fisica,3,5724.6861,HEREDIA TOMAS MANUEL
HERRERA JUAN MANUEL,HERRERA JUAN MANUEL,persona_fisica,3,60.000299999999996,HERRERA JUAN MANUEL
HOYOS SIMON AGUSTIN,HOYOS SIMON AGUSTIN,persona_fisica,3,16.8474,HOYOS SIMON AGUSTIN
"HOYOS SIMON AGUSTIN,MORALES CAMILO ALBERTO","HOYOS SIMON AGUSTIN,MORALES CAMILO ALBERTO",persona_fisica,3,296.9988,"HOYOS SIMON AGUSTIN,MORALES CAMILO ALBERTO"
IACUZZI FRANCISCO,IACUZZI FRANCISCO,persona_fisica,3,2398.992,IACUZZI FRANCISCO
INFANTE MARIA DEL VALLE,INFANTE MARIA DEL VALLE,persona_fisica,3,1620.0,INFANTE MARÍA DEL VALLE
ISAURO RODRIGUEZ JOSE,ISAURO RODRIGUEZ JOSE,persona_fisica,3,43.8381,ISAURO RODRIGUEZ JOSE
JUAREZ LEONARDO NICOLAS,JUAREZ LEONARDO NICOLAS,persona_fisica,3,58.36019999999999,JUAREZ LEONARDO NICOLAS
LAGAR SERGIO JESUS,LAGAR SERGIO JESUS,persona_fisica,3,4407.2487,LAGAR SERGIO JESUS
LAMARCA CARLOS ALBERTO,LAMARCA CARLOS ALBERTO,persona_fisica,3,4497.3717,LAMARCA CARLOS ALBERTO
LIENDRO MARIA ELSA,LIENDRO MARIA ELSA,persona_fisica,3,34.296,LIENDRO MARIA ELSA
LLOBERA IGNACIO,LLOBERA IGNACIO,persona_fisica,3,9487.3143,LLOBERA IGNACIO
LONDERO JUAN LUIS,LONDERO JUAN LUIS,persona_fisica,3,103.42500000000001,LONDERO JUAN LUIS
LOPEZ JONAS JOEL,LOPEZ JONAS JOEL,persona_fisica,3,1.6850999999999998,LOPEZ JONAS JOEL
LOPEZ JUAN CARLOS,LOPEZ JUAN CARLOS,persona_fisica,3,9058.5615,LOPEZ JUAN CARLOS
"LOPEZ LUCIANA ANDREA,ZIGARAN GUSTAVO RAMON","LOPEZ LUCIANA ANDREA,ZIGARAN GUSTAVO RAMON",persona_fisica,3,5762.6769,"LOPEZ LUCIANA ANDREA,ZIGARAN GUSTAVO RAMON"
LOPEZ LUIS ALEJANDRO,LOPEZ LUIS ALEJANDRO,persona_fisica,3,19.1709,LOPEZ LUIS ALEJANDRO
LOPEZ LUIS SOLANO,LOPEZ LUIS SOLANO,persona_fisica,3,10.7439,LOPEZ LUIS SOLANO
LOPEZ OMAR CESAR,LOPEZ OMAR CESAR,persona_fisica,3,19.1709,LOPEZ OMAR CESAR
LOPEZ ORTIZ MATIAS EZEQUIEL,LOPEZ ORTIZ MATIAS EZEQUIEL,persona_fisica,3,19.1709,LOPEZ ORTIZ MATIAS EZEQUIEL
LOPEZ OSCAR FERMIN,LOPEZ OSCAR FERMIN,persona_fisica,3,15.226799999999999,LOPEZ OSCAR FERMIN
LOPEZ SUSANA RAQUEL,LOPEZ SUSANA RAQUEL,persona_fisica,3,19.1709,LOPEZ SUSANA RAQUEL
LOPEZ TOUCEDA MAURO SIRO RAFAEL,LOPEZ TOUCEDA MAURO SIRO RAFAEL,persona_fisica,3,19.1709,LOPEZ TOUCEDA MAURO SIRO RAFAEL
LOPEZ VICTOR WALTER,LOPEZ VICTOR WALTER,persona_fisica,3,110.52180000000001,LOPEZ VICTOR WALTER
LOPEZ WALTER OSCAR,LOPEZ WALTER OSCAR,persona_fisica,3,19.1709,LOPEZ WALTER OSCAR
LOTO CAMILA ALEJANDRA,LOTO CAMILA ALEJANDRA,persona_fisica,3,5762.6769,LOTO CAMILA ALEJANDRA
LOTO JORGE ERNESTO,LOTO JORGE ERNESTO,persona_fisica,3,5762.6769,LOTO JORGE ERNESTO
LOZA CALIXTO,LOZA CALIXTO,persona_fisica,3,119.1114,LOZA CALIXTO
"LOZANO ENRIQUE ADOLFO,LOZANO JUAN DOMINGO","LOZANO ENRIQUE ADOLFO,LOZANO JUAN DOMINGO",persona_fisica,3,62.5602,"LOZANO ENRIQUE ADOLFO,LOZANO JUAN DOMINGO"
LOZANO JUAN DOMINGO,LOZANO JUAN DOMINGO,persona_fisica,3,6.822299999999999,LOZANO JUAN DOMINGO
MAMANI YOLANDA EDITH,MAMANI YOLANDA EDITH,persona_fisica,3,24.287100000000002,MAMANI YOLANDA EDITH
MARTINEZ MARCELA CRISTINA,MARTINEZ MARCELA CRISTINA,persona_fisica,3,30.18,MARTINEZ MARCELA CRISTINA
MARTINEZ OSCAR DAVID,MARTINEZ OSCAR DAVID,persona_fisica,3,27.683999999999997,MARTINEZ OSCAR DAVID
MARTINEZ SERRANO ANA EDITH,MARTINEZ SERRANO ANA EDITH,persona_fisica,3,34.8222,MARTINEZ SERRANO ANA EDITH
"MARTINICH MARIA ALEJANDRA,SANZ OSCAR DANIEL","MARTINICH MARIA ALEJANDRA,SANZ OSCAR DANIEL",persona_fisica,3,159.6213,"MARTINICH MARIA ALEJANDRA,SANZ OSCAR DANIEL"
MARTINIS MATIAS SEBASTIAN,MARTINIS MATIAS SEBASTIAN,persona_fisica,3,1577.7267000000002,MARTINIS MATIAS SEBASTIAN
"MASIE HECTOR,MASIE WALTER","MASIE HECTOR,MASIE WALTER",persona_fisica,3,134.2524,"MASIE HECTOR,MASIE WALTER"
MATEO MARIA MERCEDES,MATEO MARIA MERCEDES,persona_fisica,3,3744.2304000000004,MATEO MARIA MERCEDES
MAZA RAUL ALBERTO,MAZA RAUL ALBERTO,persona_fisica,3,1577.7267000000002,MAZA RAUL ALBERTO
MELLADO SLEIVE DANIEL EDUARDO,MELLADO SLEIVE DANIEL EDUARDO,persona_fisica,3,180.00150000000002,MELLADO SLEIVE DANIEL EDUARDO
MENA BLANCA DELMA,MENA BLANCA DELMA,persona_fisica,3,19.1709,MENA BLANCA DELMA
MILLER ROSENDO MIGUEL,MILLER ROSENDO MIGUEL,persona_fisica,3,12.120000000000001,MILLER ROSENDO MIGUEL
MONTALBETTI SANDRO SOTIRIO,MONTALBETTI SANDRO SOTIRIO,persona_fisica,3,1577.7267000000002,MONTALBETTI SANDRO SOTIRIO
MONTERRUBIO JUAN PABLO,MONTERRUBIO JUAN PABLO,persona_fisica,3,38.493900000000004,MONTERRUBIO JUAN PABLO
MORALES ALEJANDRINA,MORALES ALEJANDRINA,persona_fisica,3,12.1875,MORALES ALEJANDRINA
MORALES CAMILO ALBERTO,MORALES CAMILO ALBERTO,persona_fisica,3,53.9556,MORALES CAMILO ALBERTO
MORALES DE BASYLKIV ALEJANDRINA,MORALES DE BASYLKIV ALEJANDRINA,persona_fisica,3,10.716000000000001,MORALES DE BASYLKIV ALEJANDRINA
MORALES FELIX HUMBERTO,MORALES FELIX HUMBERTO,persona_fisica,3,62.7936,MORALES FELIX HUMBERTO
MORALES JUAN,MORALES JUAN,persona_fisica,3,149.1807,MORALES JUAN
MOYA ROMERO LUCIA FLORENCIA,MOYA ROMERO LUCIA FLORENCIA,persona_fisica,3,4532.2032,MOYA ROMERO LUCIA FLORENCIA
MUNIAGURRIA CARLOS JORGE,MUNIAGURRIA CARLOS JORGE,persona_fisica,3,148.1718,MUNIAGURRIA CARLOS JORGE
MURIEL JUAN ABEL,MURIEL JUAN ABEL,persona_fisica,3,19.1709,MURIEL JUAN ABEL
MURIEL SEBASTIAN DIONICIO,MURIEL SEBASTIAN DIONICIO,persona_fisica,3,19.1709,MURIEL SEBASTIAN DIONICIO
"NAVARRO ERICA ELIANA,STRELLA JUAN ANGEL","NAVARRO ERICA ELIANA,STRELLA JUAN ANGEL",persona_fisica,3,20.474700000000002,"NAVARRO ERICA ELIANA,STRELLA JUAN ANGEL"
NEGRIZ GANDOLA DANIELA LILIANA,NEGRIZ GANDOLA DANIELA LILIANA,persona_fisica,3,1613.5785,NEGRIZ GANDOLA DANIELA LILIANA
NOVARA MARTIN GUILLERMO,NOVARA MARTIN GUILLERMO,persona_fisica,3,4182.1353,NOVARA MARTIN GUILLERMO
NUNEZ MARCELO AGUSTIN,NUNEZ MARCELO AGUSTIN,persona_fisica,3,19.1709,NUÑEZ MARCELO AGUSTIN
NUNEZ STELLA MARIS,NUNEZ STELLA MARIS,persona_fisica,3,19.1709,NUÑEZ STELLA MARIS
OLANETA MARCELO RAMON,OLANETA MARCELO RAMON,persona_fisica,3,1613.5785,OLAÑETA MARCELO RAMON
OLANETA MARTINEZ GABRIELA,OLANETA MARTINEZ GABRIELA,persona_fisica,3,1613.5785,OLAÑETA MARTINEZ GABRIELA
"ORELLANA OSCAR JUAN,ZIGARAN GUSTAVO RAMON","ORELLANA OSCAR JUAN,ZIGARAN GUSTAVO RAMON",persona_fisica,3,51.123000000000005,"ORELLANA OSCAR JUAN,ZIGARAN GUSTAVO RAMON"
ORQUERA JORGE RAFAEL,ORQUERA JORGE RAFAEL,persona_fisica,3,87.1431,ORQUERA JORGE RAFAEL
ORTIZ MARIANA BEATRIZ,ORTIZ MARIANA BEATRIZ,persona_fisica,3,19.1709,ORTIZ MARIANA BEATRIZ
ORTIZ VICTOR HUGO,ORTIZ VICTOR HUGO,persona_fisica,3,61.55159999999999,ORTIZ VICTOR HUGO
"PADILLA LILIA AURORA,PADILLA SILVIA DEL ROSARIO","PADILLA LILIA AURORA,PADILLA SILVIA DEL ROSARIO",persona_fisica,3,180.006,"PADILLA LILIA AURORA,PADILLA SILVIA DEL ROSARIO"
PAEZ MARIANO,PAEZ MARIANO,persona_fisica,3,148.8642,PAEZ MARIANO
PAN AMERICAN ENERGY,PAN AMERICAN ENERGY,persona_fisica,3,29.4351,PAN AMERICAN ENERGY
PATRON COSTAS FRANCISCO JOSE,PATRON COSTAS FRANCISCO JOSE,persona_fisica,3,3983.7012,PATRON COSTAS FRANCISCO JOSE
PATRON URIBURU MATIAS,PATRON URIBURU MATIAS,persona_fisica,3,3744.2304000000004,PATRON URIBURU MATIAS
PAZ MARTINEZ CONSUELO,PAZ MARTINEZ CONSUELO,persona_fisica,3,3744.2304000000004,PAZ MARTINEZ CONSUELO
PAZ MARTINEZ MAGDALENA,PAZ MARTINEZ MAGDALENA,persona_fisica,3,3744.2304000000004,PAZ MARTINEZ MAGDALENA
PAZ SARAVIA CLAUDIA,PAZ SARAVIA CLAUDIA,persona_fisica,3,3744.2304000000004,PAZ SARAVIA CLAUDIA
PERAL FERNANDO MIGUEL,PERAL FERNANDO MIGUEL,persona_fisica,3,5981.5944,PERAL FERNANDO MIGUEL
"PERAL FERNANDO MIGUEL,PERAL FRANCISCO MIGUEL","PERAL FERNANDO MIGUEL,PERAL FRANCISCO MIGUEL",persona_fisica,3,14.1846,"PERAL FERNANDO MIGUEL,PERAL FRANCISCO MIGUEL"
PESTANA DIEGO MARTIN,PESTANA DIEGO MARTIN,persona_fisica,3,26.2734,PESTAÑA DIEGO MARTIN
"PILCO LEAL NATALIA ALEJANDRA,ROBLES SEBASTIAN DANIEL","PILCO LEAL NATALIA ALEJANDRA,ROBLES SEBASTIAN DANIEL",persona_fisica,3,1278.7875,"PILCO LEAL NATALIA ALEJANDRA,ROBLES SEBASTIAN DANIEL"
PILCO LEAL PATRICIA OLIVIA,PILCO LEAL PATRICIA OLIVIA,persona_fisica,3,560.0208,PILCO LEAL PATRICIA OLIVIA
PONCE DE LEON ANTONIO ARGENTINO,PONCE DE LEON ANTONIO ARGENTINO,persona_fisica,3,90.0,PONCE DE LEON ANTONIO ARGENTINO
"PUCA DE VIVERO SALOME,VIVEROS MARTIN","PUCA DE VIVERO SALOME,VIVEROS MARTIN",persona_fisica,3,146.0556,"PUCA DE VIVERO SALOME,VIVEROS MARTIN"
QUIPILDOR HUGO VICTOR,QUIPILDOR HUGO VICTOR,persona_fisica,3,78.00059999999999,QUIPILDOR HUGO VICTOR
QUIQUINTO ELIZABET AMERICA,QUIQUINTO ELIZABET AMERICA,persona_fisica,3,108.0,QUIQUINTO ELIZABET AMERICA
QUIROGA MIGUEL DE JESUS,QUIROGA MIGUEL DE JESUS,persona_fisica,3,62.2737,QUIROGA MIGUEL DE JESUS
QUISPE CLAUDIA LORENA,QUISPE CLAUDIA LORENA,persona_fisica,3,3744.2304000000004,QUISPE CLAUDIA LORENA
RAMIREZ RAUL FRANCISCO,RAMIREZ RAUL FRANCISCO,persona_fisica,3,5762.6769,RAMIREZ RAUL FRANCISCO
RAMOS HIPOLITO GUILLERMO,RAMOS HIPOLITO GUILLERMO,persona_fisica,3,22.1871,RAMOS HIPOLITO GUILLERMO
RAMPULLA FABIO MATIAS,RAMPULLA FABIO MATIAS,persona_fisica,3,591.5052,RAMPULLA FABIO MATIAS
REGUNAGA RODO CARLOS MARIANO,REGUNAGA RODO CARLOS MARIANO,persona_fisica,3,1577.7267000000002,REGUNAGA RODO CARLOS MARIANO
REYES PENALBA AGUSTINA,REYES PENALBA AGUSTINA,persona_fisica,3,3744.2304000000004,REYES PEÑALBA AGUSTINA
RIOS MARIANA VALERIA,RIOS MARIANA VALERIA,persona_fisica,3,19.1709,RIOS MARIANA VALERIA
RIZZOTTI DANIEL ANTONIO,RIZZOTTI DANIEL ANTONIO,persona_fisica,3,60.0006,RIZZOTTI DANIEL ANTONIO
"ROBLES SOLANA SANCHEZ,SARAVIA NAVAMUEL HECTOR","ROBLES SOLANA SANCHEZ,SARAVIA NAVAMUEL HECTOR",persona_fisica,3,10499.9277,"ROBLES SOLANA SANCHEZ,SARAVIA NAVAMUEL HECTOR"
RODRIGUEZ ELADIO,RODRIGUEZ ELADIO,persona_fisica,3,135.97560000000001,RODRIGUEZ ELADIO
RODRIGUEZ SILVIA RENE,RODRIGUEZ SILVIA RENE,persona_fisica,3,5400.0,RODRIGUEZ SILVIA RENE
ROJAS FELIX IGNACIO,ROJAS FELIX IGNACIO,persona_fisica,3,1577.7267000000002,ROJAS FELIX IGNACIO
RUIZ FRANCISCO,RUIZ FRANCISCO,persona_fisica,3,73.0869,RUIZ FRANCISCO
SALDANO CECILIO JUAN,SALDANO CECILIO JUAN,persona_fisica,3,39.552,SALDAÑO CECILIO JUAN
SARAVIA JUANA ARGENTINA,SARAVIA JUANA ARGENTINA,persona_fisica,3,12.575700000000001,SARAVIA JUANA ARGENTINA
SCHUBERT JULIO ADOLFO,SCHUBERT JULIO ADOLFO,persona_fisica,3,14.7621,SCHUBERT JULIO ADOLFO
SIERRA OSVALDO,SIERRA OSVALDO,persona_fisica,3,80.8887,SIERRA OSVALDO
SILIOTTO DANILO,SILIOTTO DANILO,persona_fisica,3,1577.7267000000002,SILIOTTO DANILO
SORIANO COSME DANIEL,SORIANO COSME DANIEL,persona_fisica,3,41.1312,SORIANO COSME DANIEL
SRUR ANTONIO,SRUR ANTONIO,persona_fisica,3,3.3180000000000005,SRUR ANTONIO
STUDER SIMON DAVID,STUDER SIMON DAVID,persona_fisica,3,4534.8882,STUDER SIMON DAVID
SUVA FEDERICO,SUVA FEDERICO,persona_fisica,3,3744.2304000000004,SUVA FEDERICO
SUVA INES MARIA,SUVA INES MARIA,persona_fisica,3,3744.2304000000004,SUVA INES MARIA
TAPIA ANA MARIA JOSE,TAPIA ANA MARIA JOSE,persona_fisica,3,3744.2304000000004,TAPIA ANA MARIA JOSE
TAPIA JUAN MARCELINO,TAPIA JUAN MARCELINO,persona_fisica,3,5400.0093,TAPIA JUAN MARCELINO
"TARITOLAY CESAR ARMANDO,TARITOLAY RESTITUTO","TARITOLAY CESAR ARMANDO,TARITOLAY RESTITUTO",persona_fisica,3,250.7631,"TARITOLAY CESAR ARMANDO,TARITOLAY RESTITUTO"
TAYARA VIVIANA ANALIA,TAYARA VIVIANA ANALIA,persona_fisica,3,5762.6769,TAYARA VIVIANA ANALIA
TEJEDA CLAUDIO MIGUEL,TEJEDA CLAUDIO MIGUEL,persona_fisica,3,1973.3889,TEJEDA CLAUDIO MIGUEL
TEJERINA ELISA DE SORIANO,TEJERINA ELISA DE SORIANO,persona_fisica,3,39.3478,TEJERINA ELISA DE SORIANO
TOLABA ESCOLASTICO,TOLABA ESCOLASTICO,persona_fisica,3,54.1998,TOLABA ESCOLASTICO
TORRES OSCAR ALBERTO,TORRES OSCAR ALBERTO,persona_fisica,3,31.932000000000002,TORRES OSCAR ALBERTO
VALDEZ NORMA SEBASTIANA,VALDEZ NORMA SEBASTIANA,persona_fisica,3,28.3209,VALDEZ NORMA SEBASTIANA
VALLE DE LERMA U T E,VALLE DE LERMA U T E,persona_fisica,3,15.0435,VALLE DE LERMA U.T.E.
VARGAS ORLANDO SERGIO,VARGAS ORLANDO SERGIO,persona_fisica,3,38.537400000000005,VARGAS ORLANDO SERGIO
VEGA CLAUDIO RODRIGO,VEGA CLAUDIO RODRIGO,persona_fisica,3,9022.5894,VEGA CLAUDIO RODRIGO
VELEIZAN ROSA BEATRIZ,VELEIZAN ROSA BEATRIZ,persona_fisica,3,29.971199999999996,VELEIZAN ROSA BEATRIZ
VENTICOLA GONZALO FEDERICO,VENTICOLA GONZALO FEDERICO,persona_fisica,3,26.019599999999997,VENTICOLA GONZALO FEDERICO
VERA AGOSTINA MARIANELA,VERA AGOSTINA MARIANELA,persona_fisica,3,11.262599999999999,VERA AGOSTINA MARIANELA
VERA ANABEL ARIANA,VERA ANABEL ARIANA,persona_fisica,3,53.1504,VERA ANABEL ARIANA
VERA DANIEL RAMON,VERA DANIEL RAMON,persona_fisica,3,55.7256,VERA DANIEL RAMON
VERA LUIS GERMAN EDUARDO,VERA LUIS GERMAN EDUARDO,persona_fisica,3,51.759,VERA LUIS GERMAN EDUARDO
VICCO AMALIA MARGARITA,VICCO AMALIA MARGARITA,persona_fisica,3,899.2250999999999,VICCO AMALIA MARGARITA
VIEYRA MARTINEZ TERESA,VIEYRA MARTINEZ TERESA,persona_fisica,3,3744.2304000000004,VIEYRA MARTINEZ TERESA
VILLORDO ELDA GRACIELA,VILLORDO ELDA GRACIELA,persona_fisica,3,5762.6769,VILLORDO ELDA GRACIELA
VIRGILI SEBASTIAN,VIRGILI SEBASTIAN,persona_fisica,3,3744.2304000000004,VIRGILI SEBASTIAN
VITTONE HECTOR FELIX,VITTONE HECTOR FELIX,persona_fisica,3,1287.4068,VITTONE HECTOR FELIX
VUISTAZ JAVIER EDUARDO,VUISTAZ JAVIER EDUARDO,persona_fisica,3,1577.7267000000002,VUISTAZ JAVIER EDUARDO
ZANNIER ALFONSO RODRIGO HUMBERTO,ZANNIER ALFONSO RODRIGO HUMBERTO,persona_fisica,3,149.9661,ZANNIER ALFONSO RODRIGO HUMBERTO
ZENTENO MAINOLI BALTAZAR,ZENTENO MAINOLI BALTAZAR,persona_fisica,3,3744.2304000000004,ZENTENO MAINOLI BALTAZAR
"ALANI HECTOR HORACIO,CORONEL JULIAN MARIA,PAPADOPULOS LUIS ALEJANDRO","ALANI HECTOR HORACIO,CORONEL JULIAN MARIA,PAPADOPULOS LUIS ALEJANDRO",persona_fisica,2,4851.8034,"ALANI HECTOR HORACIO,CORONEL JULIAN MARIA,PAPADOPULOS LUIS ALEJANDRO"
"ALANI MARCELO,MEDRANO DE LA SERNA JOSEFINA,VESPA ADRIANA MONICA DEL MILAGRO","ALANI MARCELO,MEDRANO DE LA SERNA JOSEFINA,VESPA ADRIANA MONICA DEL MILAGRO",persona_fisica,2,2548.9656,"ALANI MARCELO,MEDRANO DE LA SERNA JOSEFINA,VESPA ADRIANA MONICA DEL MILAGRO"
AVELLANEDA DOMINGO HECTOR,AVELLANEDA DOMINGO HECTOR,persona_fisica,2,11.321,AVELLANEDA DOMINGO HECTOR
"BANCHIK JORGE DANIEL,PALOPOLI JOSE ANTONIO","BANCHIK JORGE DANIEL,PALOPOLI JOSE ANTONIO",persona_fisica,2,8.0,"BANCHIK JORGE DANIEL,PALOPOLI JOSE ANTONIO"
BARR NICOLAS ANDRES,BARR NICOLAS ANDRES,persona_fisica,2,1800.001,BARR NICOLAS ANDRES
"CARTRON MARCOS ATILIO,TORRES NATALIA DE LOS ANGELES","CARTRON MARCOS ATILIO,TORRES NATALIA DE LOS ANGELES",persona_fisica,2,3563.1292,"CARTRON MARCOS ATILIO,TORRES NATALIA DE LOS ANGELES"
CORLLI IVANA CAROLINA,CORLLI IVANA CAROLINA,persona_fisica,2,4848.7354,CORLLI IVANA CAROLINA
CUELLO LUCAS FERNANDO,CUELLO LUCAS FERNANDO,persona_fisica,2,4848.7355,CUELLO LUCAS FERNANDO
DAGUN JULIO MIGUEL PADRE,DAGUN JULIO MIGUEL PADRE,persona_fisica,2,100.0,DAGUN JULIO MIGUEL padre
"EVELING CARLOS FRANCISCO,EVELING EMILIO JOSE,EVELING MARIA ANDREA","EVELING CARLOS FRANCISCO,EVELING EMILIO JOSE,EVELING MARIA ANDREA",persona_fisica,2,1548.6648,"EVELING CARLOS FRANCISCO,EVELING EMILIO JOSE,EVELING MARIA ANDREA"
FERNANDEZ MERCEDES ROSALIA,FERNANDEZ MERCEDES ROSALIA,persona_fisica,2,28.5128,FERNANDEZ MERCEDES ROSALIA
GUTIERREZ MARCELO DAVID,GUTIERREZ MARCELO DAVID,persona_fisica,2,1426.0471,GUTIERREZ MARCELO DAVID
"OLIVA RAUL ARMANDO,RONCEDO RODRIGO NICOLAS","OLIVA RAUL ARMANDO,RONCEDO RODRIGO NICOLAS",persona_fisica,2,100.0,"OLIVA RAUL ARMANDO,RONCEDO RODRIGO NICOLAS"
PUCA BARBOZA MAIRA DAIANA,PUCA BARBOZA MAIRA DAIANA,persona_fisica,2,66.7286,PUCA BARBOZA MAIRA DAIANA
RUBEN OMAR DIEGO,RUBEN OMAR DIEGO,persona_fisica,2,2200.0,RUBEN OMAR DIEGO
RUIZ ARCANGEL JAVIER,RUIZ ARCANGEL JAVIER,persona_fisica,2,10.9496,RUIZ ARCANGEL JAVIER
ABREGU MONICA GABRIELA,ABREGU MONICA GABRIELA,persona_fisica,1,2997.1765,ABREGU MONICA GABRIELA
ADET RUBEN NICOLAS,ADET RUBEN NICOLAS,persona_fisica,1,1781.5646,ADET RUBEN NICOLAS
AGUIAR ERNESTO MARTIN,AGUIAR ERNESTO MARTIN,persona_fisica,1,2331.3374,AGUIAR ERNESTO MARTIN
AGUIRRE DAUD NICOLE,AGUIRRE DAUD NICOLE,persona_fisica,1,1597.9992,AGUIRRE DAUD NICOLE
"ALBARRACIN SILVIA MABEL,ALONSO VASILE ALVARO SANTIAGO,CASTANEDA NORDMANN RODRIGO,GOMEZ MARTINEZ EMILIANO HORACIO","ALBARRACIN SILVIA MABEL,ALONSO VASILE ALVARO SANTIAGO,CASTANEDA NORDMANN RODRIGO,GOMEZ MARTINEZ EMILIANO HORACIO",persona_fisica,1,630.0261,"ALBARRACIN SILVIA MABEL,ALONSO VASILE ALVARO SANTIAGO,CASTAÑEDA NORDMANN RODRIGO,GOMEZ MARTINEZ EMILIANO HORACIO"
ALEMAN PATRICIO,ALEMAN PATRICIO,persona_fisica,1,1247.9714,ALEMAN PATRICIO
ALURRALDE SIMON,ALURRALDE SIMON,persona_fisica,1,1247.9714,ALURRALDE SIMON
"AMADO LUCAS SEBASTIAN,AMADO MATIAS SIMON","AMADO LUCAS SEBASTIAN,AMADO MATIAS SIMON",persona_fisica,1,3426.8,"AMADO LUCAS SEBASTIAN,AMADO MATIAS SIMON"
ANGEL RAFAEL JAVIER,ANGEL RAFAEL JAVIER,persona_fisica,1,1597.9992,ANGEL RAFAEL JAVIER
APARICIO MARTINA IGLESIAS,APARICIO MARTINA IGLESIAS,persona_fisica,1,2997.1765,APARICIO MARTINA IGLESIAS
"ARAUJO ADRIAN NICOLAS,CANIZARES CLAUDIA BIBIANA,LOPEZ MARIO GERMAN","ARAUJO ADRIAN NICOLAS,CANIZARES CLAUDIA BIBIANA,LOPEZ MARIO GERMAN",persona_fisica,1,2326.7231,"ARAUJO ADRIAN NICOLAS,CAÑIZARES CLAUDIA BIBIANA,LOPEZ MARIO GERMAN"
ARGANARAZ OLIVERO JOAQUIN ENRIQUE,ARGANARAZ OLIVERO JOAQUIN ENRIQUE,persona_fisica,1,2997.1765,ARGAÑARAZ OLIVERO JOAQUIN ENRIQUE
ARGANARAZ OLIVERO MARIA SOLEDAD,ARGANARAZ OLIVERO MARIA SOLEDAD,persona_fisica,1,2997.1765,ARGAÑARAZ OLIVERO MARIA SOLEDAD
ARGUELLO ALVERIA JOAQUIN MATIAS,ARGUELLO ALVERIA JOAQUIN MATIAS,persona_fisica,1,2997.1765,ARGÜELLO ALVERIA JOAQUIN MATIAS
BASSANI BLASCO ANA LUCIA,BASSANI BLASCO ANA LUCIA,persona_fisica,1,1247.9714,BASSANI BLASCO ANA LUCIA
CABANIUS GUADALUPE,CABANIUS GUADALUPE,persona_fisica,1,2997.1765,CABANIUS GUADALUPE
CABANIUS MARIA COSTANZA,CABANIUS MARIA COSTANZA,persona_fisica,1,2997.1765,CABANIUS MARIA COSTANZA
CANEPA JERONIMO,CANEPA JERONIMO,persona_fisica,1,1597.9992,CANEPA JERONIMO
CANIZARES MARIO ALBERTO,CANIZARES MARIO ALBERTO,persona_fisica,1,1781.5646,CAÑIZARES MARIO ALBERTO
CARTRON OSCAR ATILIO,CARTRON OSCAR ATILIO,persona_fisica,1,1781.5646,CARTRON OSCAR ATILIO
CRIVELLI CORNEJO LUCIANO,CRIVELLI CORNEJO LUCIANO,persona_fisica,1,1597.9992,CRIVELLI CORNEJO LUCIANO
D AMARIO FERNANDA,D AMARIO FERNANDA,persona_fisica,1,1247.9714,D'AMARIO FERNANDA
FANTINO GERMAN PABLO,FANTINO GERMAN PABLO,persona_fisica,1,2997.1765,FANTINO GERMAN PABLO
FERRETTI CASTRO FRANCISCO,FERRETTI CASTRO FRANCISCO,persona_fisica,1,1247.9714,FERRETTI CASTRO FRANCISCO
FLORES TERESITA DEL CARMEN,FLORES TERESITA DEL CARMEN,persona_fisica,1,1781.5646,FLORES TERESITA DEL CARMEN
FLORIDIA YAPUR GABRIEL ALBANO,FLORIDIA YAPUR GABRIEL ALBANO,persona_fisica,1,2997.1765,FLORIDIA YAPUR GABRIEL ALBANO
FOCHI LUIS EMILIO,FOCHI LUIS EMILIO,persona_fisica,1,435.7066,FOCHI LUIS EMILIO
GERONIMO CARINA BEATRIZ,GERONIMO CARINA BEATRIZ,persona_fisica,1,2997.1765,GERONIMO CARINA BEATRIZ
"GOMEZ MARTINEZ RODRIGO ANTONIO,RODRIGUEZ BERDIER MARTIN","GOMEZ MARTINEZ RODRIGO ANTONIO,RODRIGUEZ BERDIER MARTIN",persona_fisica,1,3426.8,"GOMEZ MARTINEZ RODRIGO ANTONIO,RODRIGUEZ BERDIER MARTIN"
GUERRERO SOLER SOFIA MICAELA,GUERRERO SOLER SOFIA MICAELA,persona_fisica,1,1597.9992,GUERRERO SOLER SOFIA MICAELA
GUTIERREZ SERRANO ALICIA MARIA DEL HUERTO,GUTIERREZ SERRANO ALICIA MARIA DEL HUERTO,persona_fisica,1,2997.1765,GUTIERREZ SERRANO ALICIA MARIA DEL HUERTO
GUTIERREZ SERRANO FRANCISCO JAVIER,GUTIERREZ SERRANO FRANCISCO JAVIER,persona_fisica,1,2997.1765,GUTIERREZ SERRANO FRANCISCO JAVIER
GUTIERREZ SERRANO PABLO AGUSTIN,GUTIERREZ SERRANO PABLO AGUSTIN,persona_fisica,1,2997.1765,GUTIERREZ SERRANO PABLO AGUSTIN
IGLESIAS APARICIO CANDELARIA,IGLESIAS APARICIO CANDELARIA,persona_fisica,1,2997.1765,IGLESIAS APARICIO CANDELARIA
IGLESIAS FERNANDO,IGLESIAS FERNANDO,persona_fisica,1,2997.1765,IGLESIAS FERNANDO
LAZARTE CRISTIAN ALEJANDRO,LAZARTE CRISTIAN ALEJANDRO,persona_fisica,1,590.5047,LAZARTE CRISTIAN ALEJANDRO
LAZCANO JULIO IGNACIO,LAZCANO JULIO IGNACIO,persona_fisica,1,2326.7231,LAZCANO JULIO IGNACIO
LEMME WILLIAM MARTIN,LEMME WILLIAM MARTIN,persona_fisica,1,750.1585,LEMME WILLIAM MARTIN
LIENDRO ALEJANDRO JAVIER,LIENDRO ALEJANDRO JAVIER,persona_fisica,1,6.8322,LIENDRO ALEJANDRO JAVIER
LOPEZ SERGIO RAMON,LOPEZ SERGIO RAMON,persona_fisica,1,1597.7644,LOPEZ SERGIO RAMON
MAMANI JORGE SANTOS,MAMANI JORGE SANTOS,persona_fisica,1,2997.1765,MAMANI JORGE SANTOS
MARINA MARIA XIMENA,MARINA MARIA XIMENA,persona_fisica,1,2997.1765,MARINA MARIA XIMENA
MARTINEZ MARIA BELEN,MARTINEZ MARIA BELEN,persona_fisica,1,2997.1765,MARTINEZ MARIA BELEN
MOYA FERNANDEZ JOSE MATIAS,MOYA FERNANDEZ JOSE MATIAS,persona_fisica,1,2997.1765,MOYA FERNANDEZ JOSE MATIAS
NUNEZ LORENA,NUNEZ LORENA,persona_fisica,1,2997.1765,NUÑEZ LORENA
PERALTA DANILA,PERALTA DANILA,persona_fisica,1,2997.1765,PERALTA DANILA
PULO CLEMENT SEBASTIAN,PULO CLEMENT SEBASTIAN,persona_fisica,1,1247.9714,PULO CLEMENT SEBASTIAN
QUIROGA ZULEMA ANTONIA,QUIROGA ZULEMA ANTONIA,persona_fisica,1,1781.5646,QUIROGA ZULEMA ANTONIA
RODRIGUEZ LEANDRO RAUL,RODRIGUEZ LEANDRO RAUL,persona_fisica,1,2997.1765,RODRIGUEZ LEANDRO RAUL
ROMERO PAULA ANDREA,ROMERO PAULA ANDREA,persona_fisica,1,2997.1765,ROMERO PAULA ANDREA
ROSAS MATIAS ARIEL,ROSAS MATIAS ARIEL,persona_fisica,1,2997.1765,ROSAS MATIAS ARIEL
RUIZ ROBERTO CARLOS,RUIZ ROBERTO CARLOS,persona_fisica,1,19.2753,RUIZ ROBERTO CARLOS
SAYUS BERNARDO,SAYUS BERNARDO,persona_fisica,1,2522.0123,SAYUS BERNARDO
SCHMIDT DODDS SEBASTIAN,SCHMIDT DODDS SEBASTIAN,persona_fisica,1,2326.7231,SCHMIDT DODDS SEBASTIAN
VILCA GUTIERREZ ALVARO TOMAS,VILCA GUTIERREZ ALVARO TOMAS,persona_fisica,1,2997.1765,VILCA GUTIERREZ ALVARO TOMAS
VILCA GUTIERREZ MAGALI VITORIA,VILCA GUTIERREZ MAGALI VITORIA,persona_fisica,1,2997.1765,VILCA GUTIERREZ MAGALI VITORIA
"VIRGILI SAN MILLAN FERNANDO,VIRGILI SAN MILLAN SEBASTIAN","VIRGILI SAN MILLAN FERNANDO,VIRGILI SAN MILLAN SEBASTIAN",persona_fisica,1,3426.8,"VIRGILI SAN MILLAN FERNANDO,VIRGILI SAN MILLAN SEBASTIAN"
YAPURA MATIAS HUGO ALFREDO,YAPURA MATIAS HUGO ALFREDO,persona_fisica,1,1781.5646,YAPURA MATIAS HUGO ALFREDO
YAPURA MIGUEL ANGEL,YAPURA MIGUEL ANGEL,persona_fisica,1,1781.5646,YAPURA MIGUEL ANGEL
